userName,score,at,content
Hamka lala,3,2023-11-05 03:07:41,Aplikasi BSI jangan ada gangguan jaringan Internet.
SENA PAMELIA,5,2023-11-04 22:53:38,Sering error mohon diperbaiki krn sangat mengganggu transaksi
Sahabat Berbagi'94,1,2023-11-04 19:06:57,Mao buka rekening aja ga bisa bisa
Nyimas Fajarwati Ns,5,2023-11-04 15:58:30,Good
Max Hean,1,2023-11-04 13:37:07,"Sering kali gak bisa transaksi karena ""Permintaan kehabisan waktu"", padahal koneksi internet saya bagus banget, dan ini bukan sekali aja terjadi. Hal tersebut sering terjadi ketika sore hari jam 15-18, malam hari, hari sabtu dan minggu. Nasabah BSI banyak yang gunakan bsi mobile, dan kebutuhan nasabah akan sumber keuangannya itu 24 jam. Kalau lagi urgent yang ada mau pecahin hp karena gak bisa transaksi."
Agus wisudayana,1,2023-11-04 12:56:47,"Saya kecewa dengan bsi ini karena saya setor tunai saldo nya tidak masuk keatm saya, saya melakukan pengaduan sama sekali tidak membantu sama sekali buat apa diadakan cs kalo tidak membantu!!!!"
Yheyhe Cellular,3,2023-11-04 12:23:33,"Tolong dipermudah untuk cek saldo dan transfer, kurangin tombol/menu yg tak berguna biar semakin ringkas, terima kasih"
Humaidi,5,2023-11-04 11:27:35,Nice
udayana irfa,1,2023-11-04 10:53:30,"Verifikasi wajah hanya screen hitam terus, gk bisa lanjut parah"
Abquro Ridwan,4,2023-11-04 10:40:58,Tingkatkan Fitur lagi lebih banyak
Frengki Franata,3,2023-11-04 09:53:49,"Kenapa tiba"" saya tidak dapat masuk ke aplikasi BSI mobile nya Sesi waktu habis selalu dikatakan"
dyo gg,1,2023-11-04 03:31:34,kok apk ga bisa di hapus dari perangkat?
Wildan,1,2023-11-03 23:28:03,"Permintaan kehabisan waktu Parah sih mau narik uang jd gk bisa, mana dah 2 hari lagi"
Yose Rizal,2,2023-11-03 20:14:29,Baguskmp TDK bisa
Siti Annisa,1,2023-11-03 14:57:42,Aplikasinya suka eror
Irvan Prayoga,5,2023-11-03 13:52:24,"Assalamualaikum,,, Alhamdulillah,,,"
Entol Luky Lukmansyah,1,2023-11-03 12:20:32,"Service lambat, ga informatif, kecewa.... Disuruh Nelp 14040 males banget,,,,, makan pulsa, BSI payah payah, prosedur capruk"
erik yoga pradana,5,2023-11-03 08:47:58,Sangat memuaskan
Risdi Anto,2,2023-11-03 08:03:37,Oke..
Taryali Ali,5,2023-11-03 07:31:13,Lancar mantapp
Andi Djamirudin,5,2023-11-03 06:06:16,👍
Jaka Logika,2,2023-11-03 04:26:17,Kayaknya 2 kali pembayaran internet saya bermasalah. Saldo berkurang tapi pembayaran internet blm lunas. Saya katakan 'kayaknya' karena pembayaran yg pertama saya lupa untuk cek jumlah saldo. Tp pembayaran kedua ini pasti. Solusinya gmn kak? Ini merugikan sekali
J M,1,2023-11-03 04:23:04,Terlalu sering bermasalah
unses Parody,2,2023-11-03 03:33:54,"Min tolong perbaikin untuk KRIS nya, setiap traksansi berhasil tapi saldonya gk masuk"
Idah Faridha,5,2023-11-03 02:31:46,Membantu
Bagus s,1,2023-11-03 02:26:43,aplikasi kurang respon aktivasi gagal terus jaringan internet lancar
Zul Afdal,1,2023-11-03 02:22:44,"Tadi pagi saya update app BSI Mobile, malah sekarang saya tidak dapat menggunakan app lagi. Layar putih, nge-blank, sesaat setelah tampilan muka app. Mohon disegerakan / disediakan Update terbaru, perbaikan mendasar untuk dapat kami pergunakan kembali app BSI Mobile ini."
Adi “Serdadu Koplax” Brata,5,2023-11-02 19:59:10,Mantab
Khakim Abdul,2,2023-11-02 17:41:55,Maaf kok mau tf aja gk bisa. Close app terus. Cache nya sudah tak hpus. Jaringan wifi. Di app yg lain lancar jaya. Buka fitur yg lain di bsi bisa semua kok. Lancar. Hanya saja ketika mau tf sudah isi nominal dan ktka klik lanjutkan lgsg aplikasi berhenti. Setlah itu malah ketika klik transfer lgsg clos app. Makasih
You-T,4,2023-11-02 16:17:11,"Min. Aplikasi BSI mobile banking V. 6.20.0, utk menu tranfer BI FAST, Bank Aceh Syariah nya tdk ada di daftat bank tujuan."
Musta Kim,5,2023-11-02 14:53:22,Sangat membantu 👍
Tri Cahaya,5,2023-11-02 13:44:57,Mantap
Kirana Almahyra Husna,1,2023-11-02 12:30:08,Kenapa tidak bisa install bsi mobile
Syahroni Husin,5,2023-11-02 11:35:37,Mantap
afni marpuah,1,2023-11-02 11:27:10,"Terlau rumit, menu virtual accound aja gk ada, Menu transfer terlalu ribet juga Banyaak menu gk penting. Kayanya mending saya bikin M banking rekening lain karna mudah dan simple"
Deddy N,1,2023-11-02 10:19:37,"Rooted device detected, padahal blm pernah rooting"
Abd Wahid,5,2023-11-02 10:02:54,Good
Mamat Rusmana,3,2023-11-02 09:54:01,Baik
Ahmad Hazmi Erde,5,2023-11-02 08:25:23,Mantul banget
Teguh Paryanto,1,2023-11-02 08:25:16,"Baru mau buka Apkikasi, belum apa-apa malah keluar sendiri......"
puji astuti,1,2023-11-02 07:41:48,Aplikasinya sering eror. Tidak bisa digunakan padahal jaringan bagus
Aulia Zikrullah,1,2023-11-02 02:44:44,"Ada bug, tidak bisa transfer. Tolong diperbaiki"
de farrel,3,2023-11-02 00:24:00,Elor teruss
Garou Cosmic,1,2023-11-01 23:51:14,"Bank satu ini emang mantep,, tpi boong yakali bagus,, gaji gw nda masuk2, kntl manis #BSIPALINGGACORR"
Dedik Destiawan,3,2023-11-01 23:33:35,"Mohon di tindak lanjuti lagi,aplikasi sering close sendiri berkali2, jadi susah transksi dan demi keamanan mohon segera di betulkan lagi sistemnya. Terima kasih"
Farhan Saja,5,2023-11-01 21:38:02,Mohon di perbaiki kinerjanya aplikasi BSI MOBILE ini.
6005 Ahmat ari mualim,3,2023-11-01 15:34:37,Biaya administrasi TF ke bank lain buset mahal bgt
Krys Aditya,3,2023-11-01 15:19:21,di app bsi saya.ketika mau melakukan transfer langsung mati.kembali ke halaman ponsel.bgmn solusinya
Naufal Mujaddid,1,2023-11-01 15:14:58,Giliran mau dipake malah eror. Jelek kualitas aplikasinya
Edo Okta Fernando,5,2023-11-01 14:46:58,Jadi mudah
JOEL BASYAH,1,2023-11-01 14:35:41,Bsi kenapa sering banget gangguannya. Mau ngirim gk bs buka aplikasi nya mlm ini
fauzan budi santoso,1,2023-11-01 14:15:22,"Aplikasi banyak bug nya, mau transaksi cepat malah terhambat"
kebun Rachel,1,2023-11-01 14:04:18,Lembet.. sering gak bisa dibuka eror😑
Zaky Rafi Ramadhan,1,2023-11-01 13:00:10,"Aplikasi payah developer nya sistem cacat masa saya harus berkali"" buat verifikasi wajah gagal mulu"
guslihan firdaus,1,2023-11-01 12:49:32,"Ada gangguan apa dengan BSI Kenapa saya tidak bisa mentransfer uang ke orang lain,,?"
Andrew Walker,2,2023-11-01 12:41:21,Apk bisa bug
Heru Arles,4,2023-11-01 12:39:06,Baik
The Pillow Talk,4,2023-11-01 12:14:07,"Mengecewakan, mau transfer malah ngebug. Giliran pakai kartu di ATM bilang gagal transaksi. Dahlah.."
Aris Maulana,5,2023-11-01 12:06:03,Sudah oke
Syahid chanel,1,2023-11-01 11:57:24,Transfer tidak bisa selalu keluar sendiri
Taufik Sidiq,1,2023-11-01 11:50:51,Kenapa selalu logot sebelum trx selesai..? Menghambat dikala semua serba cepat.. hmmm
saefuloh,2,2023-11-01 11:46:49,Saya gak bisa transfer
said kosim,5,2023-11-01 11:46:35,Setelah di update aplikasi jadi berat
Marwan Razak,5,2023-11-01 11:38:47,Baik
Maulana Widagdo,1,2023-11-01 11:35:59,Error nih. Enggak bisa transfer
Irfan Firmansyah,5,2023-11-01 11:33:05,Ok bsi
Fhian Nasution,1,2023-11-01 11:32:50,"Kecewa banget, saya bukan pengguna bank ini saya pengguna bank sebelah, kemarin tanggal 31-10-23 saya TF dari bank *** ke bank bsi punya saudara saya, di saya sudah terkirim tapi di sananya belum juga sampai tgl 1-11-23 transfernya masuk jam 4 sore, tapi NAMA sayanya gak ada di situ yang BIASANYA tertara nama penteransfernya itu malah GAK ADA sehingga uangnya belum bisa di ambil oleh kluarga saya di karnakan kendala nama, gara2 kejadian ini saya di LARANG untuk transfer ke saudara saya lagi."
Mirai Kurayami,3,2023-11-01 10:40:03,"Setelah di update kenapa saya kalau mau transfer ke bank lain aplikasi jadi keluar sendiri, dan ada notifikasi kalau aplikasi terdapat bug, tolong segera diperbaiki."
Tria Infinix,1,2023-11-01 10:39:36,"Terdeteksi device root,"
Mr Panda,5,2023-11-01 10:17:40,"bagus aplikasinya,tapi setelah diperbaiki saya mau transfer tetapi selalu kembali ke menu gimana pihak bsi"
setiawan,1,2023-11-01 10:13:14,"Yang bener lah kalo buat aplikasi, ngirim kode otp pun kalian tak mampu. Uda di coba berkali2 gk bisa juga"
Abdul Hamid,2,2023-11-01 10:04:54,Mau transfer keluar terus gimana sih bsi
Indra Rinaldi,5,2023-11-01 09:53:55,Kok apknya gk da cara tranfer virtual account (VA)..
Dappit M,5,2023-11-01 09:37:15,Mantap
Mas Bim,1,2023-11-01 09:29:54,"Astaghfirullah,, udah di sabar2in udh update aplikasi, masih aj eror, tiba2 keluar sendiri, mau tf gagal2 terus. Gx nyaman sekali😔"
HARISH WIEN,1,2023-11-01 08:53:25,Sangat Susah Aktivasinya
Hartono Rm,5,2023-11-01 08:45:02,Sangat membantu
Nasya Ellangga,1,2023-11-01 08:18:25,"Assalamualaikum,saya mau tanya saya barusan kirim uang di ATM 100rb tapi kok enggak bisa di Tarek ya, mohon infonya ya"
Doni Parabola,1,2023-11-01 08:05:21,"update terbaru, pencet history TF.... app langsung mental. bikin app jangan anak magang lah, cari yg bener² ahli!! bikin nasabah repot aja, hah ramutu blass !!!"
Rizky Prasetya Pratama,1,2023-11-01 08:03:17,Bsi kacau......
Mochamad Sofyan,2,2023-11-01 07:52:00,Assalamualaikum...Tiap mau klik transfer kok selalu keluar dari aplikasi ya? Apa ada masalah dg aplikasi BSI Mobile?
Akbar Fitrah Syabani,2,2023-11-01 07:20:34,sering bug
agus safari,4,2023-11-01 07:16:15,Kenapa sekarang gak bisa transaksi ke DANA????
Dody Sastro,5,2023-11-01 06:39:09,Mau transfer koq engga bisa nie
Rifai Ahmad,5,2023-11-01 06:33:37,Aplikasi bagus dan sangat membantu
Rohimudin,1,2023-11-01 06:15:03,Mw transaksi aja susahnya nauzubilah.ribet bat.inilah itulah.sumpah nyusain bgt kalo mw transaksi..cs ga bisa di hubungi....parah parah
ayu afriani,5,2023-11-01 06:06:28,mntap jiwa
Nina Rahayu,2,2023-11-01 05:57:38,"Selamat siang, mohon maaf kenapa ya saat saya mau melakukan transfer, saat transaksi malah keluar otomatis dri aplikasi"
Maria Si_91,3,2023-11-01 05:27:29,Kenapa dengan jaringan bsi mobile hari ini..setiap mau Tf aplikasi terhenti itu terus yg muncul.
Abdullah Azzam,5,2023-11-01 05:17:29,"Tolong diperbaiki lagi aplikasi mbanking nya sering force close, sedangkan saya maen game berat gak ada force close"
Almira dita,1,2023-11-01 04:56:08,EROR TERUSS
shinhye 11,3,2023-11-01 04:24:32,"Ak lupa kata sandi terus, harus gimana"
Mutia _,1,2023-11-01 04:22:27,"Pelayanan buruk , cs banyak tapi gak ada kerja , orang harus menunggublama utk komplain . terlalu banyak masalah .."
tri hadi,3,2023-11-01 04:21:58,Transfer terjadi bug . Setelah updateHari ini ketika memilih menu transfer dan memilih no rek . Yg mau di transfer aplikasi keluar sendiri . Mohon solusi dan infonya
Afzhal Zikri,2,2023-11-01 04:15:05,"sering banget nge bug min, hari ini aja mau tf uang gagal mulu"
Nico oki,1,2023-11-01 03:53:24,Dari dulu tu bermasalah terus mobile banking nya.. kalo bukan karena untuk penggajian males aku pake BSI
Aung,5,2023-11-01 03:52:16,Ok
Dwirani Indah Pratiwi,1,2023-11-01 03:41:31,"Sangat tidak membantu, terlalu banyak trouble. Nelpon 14040 pun sangat tidak membantu!!!!!!!!"
Kaos Kosong,4,2023-11-01 03:35:54,Diklik no rek tertentu kok keluar aplikasi kenapa ya?
Mugni Ilma,1,2023-11-01 03:21:02,Aplikasi jadi ngebug sejak update. Hati2 pakai ini Saldo transfer ke rekening juga susah sekali masuk
OIS ID,1,2023-11-01 03:20:53,Jelek sering banyak gangguan
Ardiansyah Putra,1,2023-11-01 02:54:00,"Stresss ini apk bsi, ga ada niat2 nya cuy"
Hayabusa Gaming,4,2023-10-31 23:47:59,Knp ya duit saya kirem dar semlam gak masok masok sampai sekarang sedangkan dibuat sukses
Ahmad Yazid,1,2023-10-31 22:33:02,Sangat sulit untuk login. Menggunakan pendeteksi wajah khususnya sampai vidcall pihak CS juga ttep gk bisa
Aulian Al azmi,2,2023-10-31 21:08:34,"Aktivasi bsi mobile kok bs data TDK sesuai padahal ya data yg dimasuukan sesuai,, Tolong dipermudah jngn dipersulit unt aktivasi"
Abdon Sius lalang,5,2023-10-31 21:01:57,Bangga dengan bsi
Syafwan Iwan,5,2023-10-31 17:14:49,Oke mantap
Portgaz D. ACE,2,2023-10-31 16:41:26,"makai bsi udah bertahun tahun sekalinya mau transfer dr kemaren masak iya akun tidak teregistrasi, makin kesini makin kesana"
Senjaku Senjaku,1,2023-10-31 14:46:08,Hallo kk knp bsi nya nggk bisa di buka
syifa dilla,1,2023-10-31 14:15:59,Gangguan terus
Raz Bayhas,1,2023-10-31 13:33:24,jujur saya kecewa sama BSI karna terkadang uang yg di transfer ke ATM kita gk masuk padahal udah jelas jelas di transfer tapi gk masuk. saran saya jangan pake bank bsi
Yudi Rahman,5,2023-10-31 13:11:17,"Knp aplikasi BSI setelah diperbaharui GX bisa dibuka,, mohon sarannya"
Aink Danu,1,2023-10-31 11:54:01,2kali transfer kepotong tapi nggak masuk
Afdal MA,5,2023-10-31 10:20:03,Aplikasinya mudah dimengerti
Iyus prochanel,4,2023-10-31 09:01:03,"Terkadang untuk proses ebanking sangat terkendala, mohon untuk proses ebanking lebih memudahkan"
Muhammad Arfani,2,2023-10-31 05:06:43,Saya di suruh buat kata sandi baru tapi tak bisa salah terus padahal sudah mengikuti arahannya mohon di perbaiki lagi ni sistem aplikasinya
NURUL ARIFIN,1,2023-10-31 00:22:23,"Verifikasi wajah gk ada respon.. hanya mempersulit saja gk ada guna. Padahal sudah ada verifikasi sms dan PIN. Terlalu di persulit,"
Hasil Bumi,5,2023-10-30 15:42:29,Mbanking BSI saya lancar terus tanpa kendala cpet gesit ... Untuk temen temen yg punya rekening bsi sebaiknya konsul ke cabang terdekat. Dulu saya juga pernah susah sekali aktivasi bahkan gagal terus. Setelah saya ke cabang terdekat alhamdulillah sampai sekarang belum ada masalah untuk mbanking BSI saya BSI good job sukses tuk BSI
samsol ponsel,2,2023-10-30 14:16:20,"Tolong min, aplikasi nya di tingkat kan lagi, kalo bisa setiap kita transaksi via BSImobile, kita bisa print via bluetooth boss👍 terima kasih 🙏"
Yuliana Shaliha,1,2023-10-30 12:12:36,"aku ngisi shopee pay, saldo rekeningku berkurang, mutasi ada, tapi tdk ada notiv berhasil. dan shopepay tdk terisi. ngajukan pengaduan malah disuruh ke kantor. hadeghh...oh iya infaqnya sekali pencet lngsung berhasil tanpa ada konfirmasi sandi. bug banget sih..."
Muhammad Novel,3,2023-10-30 10:27:16,"Kirim saldo lewat BSI kedana, saldo di BSI berkurang, tapi di dana gak masuk ,🤦 bikin gak nyaman aja"
Boy Candra,2,2023-10-30 10:04:34,"Ini masalah apa lagi Masa ga bisa d buka sama sekali RC99 error apaan Terus aplikasi tidak mendukung pada perangkat anda Padahal android 10, Minimal android 5 Sudah bs menggunakan aplikasi ini Aneh sekali Dibuka kluar sendiri dan ""RC99 erorr bla bla"""
ADHIATMA ADJI,5,2023-10-30 08:26:26,Good performance
Muhammad Khidir,4,2023-10-30 08:12:38,Beberapa hari terakhir ini saya gak bisa akses mobil banking. Kenapa ya?
Quinn briliant chanel,1,2023-10-30 07:24:20,Susah mau buka tab junior.
Ezra Kawulur,1,2023-10-30 03:57:44,"aplikasi nya keluar sendiri , padahal M-banking yang lain bisa kebuka, saya mau buka rekening baru tapi gak bisa karena keluar terus dari aplikasinya"
ahsani newbie,1,2023-10-30 03:52:41,Sering keluar buat verifikasi.padahal saya buatnya di bank nya
muhammad sani,1,2023-10-30 03:51:09,"Gak ada penjagaan, gak sengaja kepencet infaq langsung ke kirim gak ada minta Password atau apa, rugi 500rb, mending pake bank lain aja"
Oyi Sukini,5,2023-10-30 03:36:03,Dengan BSI semua bisa lancar
Aji Sapautra,5,2023-10-30 03:23:41,Aplikasi ini bagus dan bermanfaat seakli untuk kirim uang dan menabung
Amaq Fahreza,1,2023-10-30 01:43:08,Aplikasi gagal start setelah update. Tolong kenyamanan nasabah diperhatikan dengan baik
M. Sadin,1,2023-10-30 00:30:24,BSI
Thesa Izfadllillah,1,2023-10-29 21:17:30,"Masa hampir tiap pindah layar muncul iklan? Liat saldo, muncul iklan. Cek mutasi, muncul iklan. Berkali-kali! 😡"
mus takim,5,2023-10-29 19:50:16,vermuk login 1 jam ga baca baca parah
Iwan pay,2,2023-10-29 13:48:10,"Katanya tidak ada potongan & bunga ternyata Banyak sekali potongan, administrasi ATM, potongan biaya pemindahbukuan, potongan biaya sms"
Dhany 2N,5,2023-10-29 04:39:47,Bagus sekali
Moh. Afandi S. Tananda,5,2023-10-29 04:34:51,"Alhamdulilah,, BSI Mobile sudah yang terbaik😊"
Tri Tomo,5,2023-10-29 04:22:51,Aplikasi sangat lengkap mudahkan dalam transaksi
Muhibbah Abidatul,1,2023-10-29 03:54:13,Gangguan terooooosss
Jajang Murpratomo,5,2023-10-29 02:07:25,"Fitur lengkap dan mudah digunakan. Mulai dari bayar token listrik, transfer, sampai top up e-wallet semua bisa"
Haniz Djuly,1,2023-10-28 20:03:31,Sudah verifikasi dan pin sdh benar sy masukkan tapi malah diblokir terus kenapa ini mesti terjadi saya sangat kecewa
Irfan Bahdim,1,2023-10-28 18:31:10,"Makin muak liat bsi, terlalu banyak gangguan, terlalu banyak masalah, setor uang bisa gak masuk, mana harus buat laporan ke kantor cabang, menjijikkan, hapus saja bank syariah yg banyak gangguan kek gini"
Wira Tino,3,2023-10-28 17:49:22,Test bsi me
m. burhanudin,3,2023-10-28 16:52:38,"Saran untuk developer aplikasi BSI, pohon segera diperbaiki untuk tampilan aplikasinya. Karena saya sebagai pelanggan BSI penyandang tunanetra tidak dapat mengakses aplikasi tersebut secara mandiri. Dikarenakan banyaknya tombol yang tidak terbaca oleh aplikasi screen reader. Semoga update kedepannya aplikasi BSI mobile mudah dan ramah terhadap penyandang disabilitas seperti saya, untuk menggunakannya. Terima kasih."
agung edi27,5,2023-10-28 15:52:16,"Transaksi di BSI mobile lebih mudah dan lancar ,"
Rezki Ramadhan,1,2023-10-28 13:52:57,"Personalisasi rekening sdh d aktifkn rek tab haji, tapi waktu mentransfer ke bank lain malah tidak muncul.. Aplikasi tidak konsisten"
Wal'asri. Ilyas,5,2023-10-28 13:21:54,Sangat Puas
Tri Amelia Sari,1,2023-10-28 12:37:48,"plis susah banget mau buka aplikasinya, harus nunggu lama banget baru kebuka. susahhh kalo mau tf cepet karen nunggu buka aplikasinya super lama bangetttt. jaringan juga bagus banget karena buka mbanking lain bisa, bsi doang ni susah banget."
Jajang Bustomi,1,2023-10-28 12:04:11,"Ini ko suruh aktifasi lagi ya padahal udah diaktifasi terus pas verifikasi wajah gagal sama lewat call center gagal juga verifikasi lanjutannya sulit dimengerti suruh nunggu sms ga datang datang, hadeh mana mau transaksi sunggu sulit"
adam “adamuung” uung,1,2023-10-28 12:03:33,Apk nya ga mau login mohon perbaiki
Asmawikkg,5,2023-10-28 10:55:28,Coba
Yusrina Adila,5,2023-10-28 09:41:00,Terbaik
Ssaidhaikal Alkaf,1,2023-10-28 06:58:43,Bank terburuk sedunia
Ade Sunarya,1,2023-10-28 06:16:33,Udah instal tapi gak bisa dibuka selalu ada notif bsi mobile terhenti
Ega Wati,5,2023-10-28 04:10:26,Mudah2n bisa di pakai terus. Cocok untuk yg urgent butuh rekening. Daftar langsung di hp
CHO 049,1,2023-10-28 03:51:09,Makin gajelas.hp gapernah di otak atik.kluar notif rc99 roated device detected.ngaco ini lama2...hadeeeeeh.bru aktifasi ulang muncul lagi device roated detected.padahal hp gadiapa apain.parah
joko santoso,1,2023-10-28 03:35:28,"Susah sekali untuk verifikasi wajah langkah 2 senyum .... buang buang waktu, minta bantuan ke CS pun sudah dicegat security harus coba verifikasi wajah sendiri sampe bisa, gak dikasih daftar antrian oleh security. Konyol"
Muhammad Saryulis,4,2023-10-28 02:33:44,tambahin mode gelap dongg
Sobirin Birin,5,2023-10-28 02:17:48,Super app BSI tahun depan(2024) baru di luncurkan. Kita tunggu aja inovasi dari BSI
Chandra Agung Sugara,1,2023-10-28 00:59:01,"Ribet sekali mau lihat saldo !! Tampilan terlalu banyak sampah di halaman depan, gak guna . Kurang simpel"
syahendra 89,1,2023-10-28 00:05:52,Kalau bukan aplikasi rekening sudah aku hapus
Adjie Pamungkas,5,2023-10-28 00:02:31,Mantapp
Mila Official,1,2023-10-27 20:17:31,Aplikasi mbanking terburuk! Login mbanking susah verifikasi wajah gagal terus gaada solusi
Fahmi 02,1,2023-10-27 17:39:00,"Gak jlas bank kink nya,bantar2 gangguan"
Yulisa Putri,1,2023-10-27 12:51:56,Gimana sih ini aplikasi..daah hampir seminggu gax bs dibuka..menghambat sekali.. dah ke cs nya..solusinya downlod doang.. dy ngerti ap enggak sih..gax da solusinya..bener2..bener2 gax bs dibuka..ni kemana lg ya..ni saya bener2 penting ini
Deden New,4,2023-10-27 12:25:53,Gimana ya caranya biar jadi 2 banking?
Lantowagi wagi,5,2023-10-27 12:09:51,Very good
Kuliah Santri,2,2023-10-27 11:48:22,"Mohon diperbaiki lagi, jika tetap seperti ini, akan membuat nasabah tidak betah. Karena setelah di update banyak yang eror."
Suryanaulala,1,2023-10-27 08:51:19,"Mohon untuk pihak bsi, fitur transaksi qris nya found nominal nya di perbesar seperti bank"" yang lain. Kita para pengguna qris tidak bisa melihat dengan jelas nominal karena customer menunjuk kadang terlalu jauh. Tapi kalo bank"" yang lain itu besar"", mohon ya untuk pembesaran found nya aja. Terima kasih, semoga di tanggapi demi kepentingan bersama;)"
Kang Jey,1,2023-10-27 08:07:39,"Daftar OTP siang pukul 11 an, sore baru masuk pukul 16:43 Ini keterlaluan!"
Supai Supai,5,2023-10-27 07:03:23,Buaguuuussss
Kang Noey,1,2023-10-27 07:00:19,Susah banget mau daftar nya....
murai ipin17,2,2023-10-27 06:41:54,"Min tolong ini di perhatikan.... Transfer ke sesama BSI dengan nomer rekening yg sama, kenapa harus masukin lagi nomer rekeningnya jadi nya kan ribet...klo yg lain kan cuma dr riwayat tranfer langsung bisaa transfer lagi tanpa masukin nomer rekening lagi. TOLONG INI SEGERA DI PERBAIKI"
dhimaz ananda,1,2023-10-27 06:17:21,Gak bisa di uninstall apk nya. Hadeuh 😪
Arif RH,1,2023-10-27 03:26:23,"Mau aktivasi online susah, ribet"
Rizal HF,2,2023-10-27 03:08:46,"Kapan mau update tampilan , sudah terlalu kuno tampilanya jngan mau kalah sama bank sebelah"
Pandit Kusumargo Muredy,3,2023-10-27 02:58:04,"Alhamdulillah sudah bisa digunakan, gitu dong, besok2 sebelum update dicek semua lini ya QA nya sebelum di launch"
indahsaputri handayani,1,2023-10-27 02:24:30,Kenapa TDK bisa copot aplikasi BSI ya...semenjak buka pertama kali sampai skrg susah bgt buat copot ini aplikasinya...🤦muter kaya gangsing mulu
Tamin Indra Jaya,5,2023-10-27 02:20:16,Saya sangat puas dengan fitur syari'ahnya
Januar Tri Kurniawan,3,2023-10-26 23:27:39,"Fitur scan QRIS, tidak bisa dipakai"
Ridho Kharunniawan,1,2023-10-26 18:17:04,trauma pake bsi uang nyangkut di mesin udah menghubungi cs nya tindakan nya terlaku lama saldo sudah kepotong ga di kembalikan
yudi syahid,1,2023-10-26 17:34:24,Kecewa sama BSI
alung cintana,5,2023-10-26 14:29:37,Mantppp
Agus Sugianto,1,2023-10-26 13:56:54,Tambahkan fitur mutasi pembiayaan
Dani Dewa,5,2023-10-26 12:15:06,Ok
Muhammad Firman,5,2023-10-26 10:29:16,Tolong bosku
Kus Miranst,5,2023-10-26 10:14:23,barokalloh sukses selalu
MJ Ervansah (ERVANSAH),5,2023-10-26 10:03:59,Membantu
Miftahul Hair,5,2023-10-26 09:37:48,Membantu dan bagus
Imam Rahadian,1,2023-10-26 08:04:05,"Saya punya beberapa apk mbanking dan e-wallet,bca,cimb,bri,gopay,ovo,dan bsi Dari semua apk tsb hanya bsi mobile yg sering error g bisa di buka dg note rc99 rooted detected,kok bisa????padahal handphone saya g pernah di apa2in??please team terkait yg bener lah kerjanya.."
Raden Gunawan,1,2023-10-26 07:39:50,Tidak berguna dengan fungsi nya
Doni Faisal,1,2023-10-26 07:26:02,Apk kaga bs d hapus dr hp..
amir black,3,2023-10-26 07:12:05,Bsi kenapa sering error klu mau ada transferan dari bank lain
Ibrahim Abdullah,1,2023-10-26 06:49:15,"mending bank BSI di cabut izinya klo emang gak bisa layanin nasabhnya dengan baik ,masa di tf sama rekning BCA gak masuk masuk ke BSI per jam jam sampe nungu 3hari baru masu ,ksyak kirim uang dari jakarta ke jogja pake becak ontel aja"
عبدالرحيم عبدالرحمن,5,2023-10-26 05:59:36,Baru pertama kali mengajukan pembuatan rekening walaupun alot dan pelan pelan tapi alhamdulillah puas dan senang hati
Jagad Jagad,1,2023-10-26 05:55:10,Qris nya tidak bisa dibuka makin lama makin jelek aja
Endri Saputra,5,2023-10-26 05:48:27,BSI. Bank Syariah Indonesia. Yg di perkembang kan di Aceh. Semoga amanah dan membantu yg kurang mampu
Sifera vina,1,2023-10-26 05:39:34,Transfer gagal. Padahal ada mutasinya dan saldo kepotong. Lagi ada keperluan mendadak tapi suruh nunggu max 14 hari dan bisa diperpanjang.
Yuminar Jon Hendri,5,2023-10-26 03:04:57,Aplikasi keren
Puji Lestari,5,2023-10-26 02:31:41,Mantap
Uje Jack,5,2023-10-26 01:47:50,Good
أفضل بن محمد سعيد,1,2023-10-25 22:05:43,"Saya sering kecewa baik TF ke bank lain gak masuk2 dan kadang tarik tunai yg gk ada duit keluar padahal saldo udah kepotong, pas lapor tunggu 5 hari kedepan padahal kita butuh duit saat itu.. Sangat mengecewakan sekali."
ivan verrary,5,2023-10-25 15:21:21,lumayan baik
Azhari Skep,5,2023-10-25 13:42:21,Sering macet atau gk upded
AL FATIH TEHNIK Service,5,2023-10-25 12:41:18,Bgus
Muhammad Rizky siregar,1,2023-10-25 12:24:13,"Halo admin, knp saya ditransfer teman uang dari rekening bank laintidak ada masuuangnya ke rekening saya padahal ddi transaksi dia sudah berhasil, di informasi saldo saya belum ada masuk? Tolong di respon adminn"
Anggi Aulia Rizki,1,2023-10-25 12:23:00,"Salalu permintaan kehabisan waktu ntah apa yang habis ,saya perlu m banking karena saldo saya didalam itu semua,kalo gini lain kali enggk mau deh saya Tarok di BSI lagi percuma ada m banking enggk bisa berfungsi"
m alhabsyi,3,2023-10-25 12:13:52,"Tolong kondisikan keadaan uang di atm, tarik tunai di atm ada nemu uang sobek dan ditambal dg plester,, dan lebih sering nemu uang dalam keadaan sdh jelek dan kumal"
0zil Ibrohiem,3,2023-10-25 12:10:32,Pemula
Rahim Ritonga Driver,3,2023-10-25 11:59:03,Konfirmasi saat login sangat susah. Peripikasi wajah disuruh senyum berjam jam juga gak bisa bisa.
Jangkrik Bandit,1,2023-10-25 10:48:44,"Mau pindah perangkat aja ribet bener, pake acara aktivasi2 gak jelas"
Ruang karya channel,3,2023-10-25 08:46:57,maaf susah sekali masuk pada saat pengambilan gambar
Dian Rusdiana,4,2023-10-25 08:20:06,Untuk pembayaran melalui qris sangat lama pendingnya. Tulisannya transaksi dalam proses terus.
Sri Wati (Ibu sriwati),5,2023-10-25 07:22:50,Its the best
FAHREEZANN,4,2023-10-25 06:51:41,Tolong tambah pembayaran internet tv kabel yg lain
Aditia Firmansyah,1,2023-10-25 05:29:00,"QRISnya ga bisa di gunakan, padahal sudah izin kamera di aplikasi"
Eki,1,2023-10-25 05:18:23,Baru bikin rekening secara online tapi isi formulir di pinta masukin nomer rekening
Mut Takin,5,2023-10-25 05:01:30,Mantapp
Muh farhan Rahman,5,2023-10-25 03:20:25,"Mantap BSI, buat KARTU ATM lewat BSI mobile tanpa harus ke Bank lagi. Dan Atm nya d krim langsung ke alamat. Dn smoga praktek di lapangan sesuai syariat. Tdk ada ribawi. Maju trus berantas riba!!!!"
Akira Muzakki,1,2023-10-25 02:35:50,Server sering bermasalah dan paling parah bayar akademik / institusi kadang bisa kadang kagak terdeteksi
Leha Zulaikha,1,2023-10-25 01:50:24,Pengen nangis .. Ga membantu bnget aplikasi ny sekarang. Masak gara gara pindah HP jdi eror bangettt. Bolak balik daftar lagi. Buruk
Muhammad Fathullah,1,2023-10-24 19:28:27,"qris lu ini kenapa sih dongo, malah ga bisa dibuka!! tiap mau penting ngelakui transaksi ada aja kendala nih bank"
Riyan Saputra,1,2023-10-24 16:43:03,"Mbanking kentang, gampang gangguan"
Arbiwiranata Ginting,1,2023-10-24 16:36:33,"Assalamualaikum.. kenapa tiba² App nya gak bisa di buka, padahal lagi penting untuk transaksi. Kalau kalian mau update boleh jangan ganggu login dan transaksi nggak ??? Mempersulit aja"
Lukman Hakim,1,2023-10-24 16:35:08,Sangat kecewa...sering bgt eerorrr parahhh..
m.nailul autar,2,2023-10-24 16:32:53,Koq aplikasi bsi mobile banking saya tidk bisa di buka
Fathiatur Rahmah,1,2023-10-24 16:30:57,Ga bisa dibuka aplikasinya
Purple Jiaa,2,2023-10-24 16:25:19,Aplikasinya error. Tidak bisa dibuka. Tolong segera diperbaiki
islam agamaku,1,2023-10-24 15:24:50,Aplikasi ya buruk saldo saya hilang sendiri
Alp Arslan,1,2023-10-24 12:57:19,"Debt kolektornya ngeri, padahal yg nagih perempuan"
Tengku Iqbal,1,2023-10-24 12:49:10,Parah updateannya
danang sadewo,5,2023-10-24 10:39:33,MAKASIH KAK DI SAAT SEMUA ORANG GA ADA YG INGET CUMAN BSI YG NGUCAPIN ULANG TAHUN MUNGKIN CUMAN HAL KECIL SIH TP ITU BERARTI BANGET BUAT SAYA ❤️
Sainah Sainah,1,2023-10-24 10:31:53,"BSI kenapa sih gangguan Mulu dah, gak ATM nya gak M banking nya, padahal lagi urgent bgt"
Slamet Riyadi,5,2023-10-24 10:28:31,Proses mudah dan transaksi aman
Two my now my now,5,2023-10-24 10:25:48,Good ...?.
Riyanda Maulana,1,2023-10-24 09:45:51,"Assalamu'alaikum warahmatullahi wabarakatuh, setelah update kenapa kaya gini ya min? Kecewa aja rasanya mau check isi saldo malah ngga bisa stack di lobby aja dari kemarin² , tolong lah min kalau update tuh makin lancar bukan kek gini, mending ngga update :')🙏🏻"
Good Nawaitu,2,2023-10-24 09:28:38,Notifikasi tidak selalu masuk. Jadi ql ada transaksi QRIS harus cek manual utk memastikan dana masuk.
Roni Alf4n,3,2023-10-24 08:55:17,Mau pengajuan pinjaman meni susah
Iin Nurhasanah,5,2023-10-24 08:26:49,Terimakasih
Razi Darmansyah,5,2023-10-24 08:02:35,Layanan yg berikan sangat membantu
Isna Berliany,1,2023-10-24 06:15:32,Saya sedang aktivasi dan kenapa lama sekali proses verifikasi nyaaa sudah dua hari loh. Harus nunggu berapa hari lagi. Tolong kerjasamanya
putri okta,1,2023-10-24 06:01:47,"Sebelum ganti hp qris bisa di gunakan, setelah ganti hp dengan menggunakan android versi terbaru malah qris tidak bisa di gunakan, sudah menghubungi pihak bsi dari email tapi tetap saja tidak ada perubahan. Memori internal masih banyak jaringan jg stabil tapi masih tidak bisa di gunakan."
Sari Pelita,5,2023-10-24 05:39:13,Sangat baik dan memuaskan
Refin Ibrahim,1,2023-10-24 04:36:25,udah dowload brapa kali tetep pas mau buka rekening gada sinyal terus padahal udah pake wifi tetep ga konek menu kebuka???? mau buka rekning jaringan gagal kan anehhh
Irsyad Unrika,1,2023-10-24 03:46:20,Hampir seminggu aplikasi BSI saya g bisa di buka..
Zelqeelka Ka,1,2023-10-24 01:30:32,"Tolong kembalikan bank konvensional di Aceh, payah pakai bank syariah transfer aja pakek bayar biaya transfer.. konvensional biaya gratis.. syariah apanya??? Judul aja syariah.. terpaksa pakai bank digital gara gara si syariah!!!"
Fatimah Hafizh,1,2023-10-23 23:25:30,Bsi kenapaaa ga bisa di bukaaa gagal loading terus
Andi Nur Abidin,5,2023-10-23 17:21:27,Aplikasi nya udh bagus dan fitur fiturnya lumayan lengkap namun transaksi Sering Ada kendala nyangkut Tolong min kedepan nya agar Lebih Lancar lagi aplikasi nya dan untug bug di hilangkn terimakasih
Ian,5,2023-10-23 12:43:57,Bagus sekali
ajit riyadi,1,2023-10-23 12:00:34,setelah update qris tidak bisa di gunakan....
Bayu Aji Pamungkas,1,2023-10-23 08:15:48,Daftar 2x gagal terus. Pas VC Udah diisi semua katanya belum.
Ireen Kim,1,2023-10-23 07:56:49,"qrisnya gk berfungsi,ribet, menu yg opsi yg di pilih apa fungsinya apa gajelas"
Iin Inati,5,2023-10-23 07:03:48,"Mantap, aplikasi bermanfaat"
Abdul Hamid Suhri,5,2023-10-23 06:09:23,gak bisa di akses gagal terus sistemnya payah hapus saja sekalian aplikasinya biar gak bikin emosi....pakek manual saja
ghina nor ain,1,2023-10-23 05:52:00,"teman saya transfer dari bank lain sukses, kenapa tidak masuk-masuk.. aplikasi dan chat online tidak membantu, malah di suruh langsung datang ke kantor"
abi,1,2023-10-23 05:37:35,"masuk ke aplikasi susah sidik jari ga bisa, password gabisa, bayarnya susah. semuanya susah. login apa lagi haduh banyak fitur tapi lambat sering error buat apa? pembayaran error terus apalagi top up sering gagal"
Nadhif Ariq,3,2023-10-23 03:23:16,"tolong ini aplikasi di fix bug nya, saya mau bayar qris malah ga bisa"" setiap di pencet qris muncul logo BSI ke home lagi, itu udah diperizinkan dari sistemnya untuk mengoperasikan foto atau video dll udah, tapi masih tetep aja"
Wawan Ridwan,1,2023-10-23 03:05:32,Saya mau aktivasi online pake vidio call malah dimatiin. Giliran mau nyoba daftar ulang nomornya udah kedaftar. Gak bisa buat daftar. Suruh masukin no rekening lagi... Di menu mau liat nomer rekening gak bisa.. 💔RUSAK
ADC Indonesia,5,2023-10-23 00:37:32,Sangat terimakasih kepada pengembang aplikasi BSI mobile mantap
Majid Sabillah,5,2023-10-22 21:46:45,Sangat baik dan memuaskan
Wawang Wawang,1,2023-10-22 18:52:09,Eror mulu
hasibuan nurazizah12,5,2023-10-22 16:58:58,Mantap
Bunga Ijo,5,2023-10-22 15:13:37,Bsi mobile bagus buat transaksi cepat. mohon di pertahankan kwalitas yang lebih baik kami suka
Gandjar GR,1,2023-10-22 13:01:41,Tulisannya terlalu kecil bagi yang sudah berumur. Tolong ditingkatkan.
Irvanrio,5,2023-10-22 11:10:50,Sangat membantu
faqih Rusyda,1,2023-10-22 10:08:10,Buat verifikasi OTP aja SMS nya telat minta nya kapan kirim nya kapan
andri sukmawan,1,2023-10-22 09:40:38,Assalamualaikum susah login data sdh sesuai dianggapnya gak benar
Muh Jamil,1,2023-10-22 06:51:48,OTP gak masuk bossss
RESIKO TV,5,2023-10-22 04:46:17,Sangat bagus
Ahmad Novel,5,2023-10-22 03:26:49,Bagus dalam pelayanan
Abu Kobong,5,2023-10-21 22:21:24,Bagus aplikasinya enak lah mempermudah
Bg Lis Toke,5,2023-10-21 16:53:08,Alhamdulillah udah ad bsi mobile..tarnsaksi LBH gampang..
Nofrida Wati,5,2023-10-21 16:48:04,Oke
Krisna Windrawan,3,2023-10-21 14:28:10,"saya update ke versi terbaru, tapi qris tidak bisa di gunakan, apakah memang sudah tidak ada layanan qris?"
Aziizu,2,2023-10-21 12:28:34,"Tampilan kurang enak dilihat, mutasi rekening tidak ditampilkan sisa saldonya setelah dipotong, Tidak ada penjumlahanya."
Ahmad Alif,1,2023-10-21 11:41:28,Qris sering eror
Karaeng Awing,5,2023-10-21 09:50:07,Oky
Dahlia Jensen,5,2023-10-21 09:44:02,"Aplikasi BSI ini the best.. Sangat membantu dalam transaksi, fiturnya sangat lengkap dan mudah digunakan.."
Light Bow,1,2023-10-21 09:38:47,Qris eror saya nanya solusi gak ada yang jawab Kurang kah duit saya
Rendy H. Permana,1,2023-10-21 09:36:43,Setelah update malah tidak bisa buka kamera untuk QRIS
rizki gendut,5,2023-10-21 09:09:04,Transfer gakperlu ke bang lewat hanphon bisa
Salma Sundya Retha,5,2023-10-21 08:39:31,"Aplikasi ini mampu mempermudah dan mengakses layanan pada bank dengan melalui aplikasi bsi mobile. Dalam hal transaksi adapun mentrasfer ke bank lain , pembayaran melaui vitual account , pembelian , info rekening , top up e-wallet."
Fathoniz Zakka,3,2023-10-21 06:48:17,Kamera QRIS ngak bisa kebuka hem
fakhrul azmi,5,2023-10-21 06:27:31,Good application
Queen Orisa,3,2023-10-21 06:09:35,"Katanya salah masukin password pdhal password gag ada yg ngubah, masak kudu uninstall n install ulang..hadeeewww"
Kridha Aribowo,5,2023-10-21 05:25:34,Memudahkan transaksi 👌
M Rifa'i,2,2023-10-21 05:23:03,"Sudah sering kali transfer dari bank lain gagal masuk sampai berhari-hari, padahal di bank pengirim sudah berhasil, kecewa dengan aplikasi mobile nya, jadi terganggu sekali"
Muhammad Rohim,2,2023-10-21 02:25:53,Sulittttttt
Abil Basamala wardana,1,2023-10-21 02:15:48,"apk ny bagus,sengaja gw kasi bintang satu karna gabut"
Saeful Anam,2,2023-10-21 01:56:35,app gk bisa di buka hmm bsi
Ariek Singgih Winoto,4,2023-10-21 00:45:54,Sering e ror
Wartono Lia,5,2023-10-20 18:45:01,Buka bsi slalu kehabisan waktu dehh
Mawan 2017,2,2023-10-20 16:43:20,Tdk bsa buka rekening
SYUKRIL HAMIDI,5,2023-10-20 15:33:34,Bsinet sulit masuk
Alisuwen Lembong,5,2023-10-20 15:03:08,Tolong dong admin nya. Dana saya hilang 100 ribu. Tolong di bantu.hilang secara tiba2
Riyad Aprialdi,1,2023-10-20 14:38:54,"Aplikasi mobile tidak bisa dibuka bukan karena masalah jaringan yah. Sebab, kalau buka aplikasi lain bisa bisa aja. Pas saya klik tuh aplikasi terus tiba tiba force close aja, alhasil saya susah untuk melakukan transaksi."
kicau mania,2,2023-10-20 13:39:20,Ni aplikasi bkin emosi mlu kren2 gtu HP pas aktif ati log in mdah skrng mlh gk bisa brgsek
Aldotama,1,2023-10-20 12:51:39,"Mau bikin rekening online ternyata harus ngisi pekerjaan nama perusahaan dan ribetnya lagi harus ngisi nomor telepon perusahaan. Yang penghasilan nya bukan dari perusahaan & tanpa ada nomor telepon nya, pengen nabung jadi ngga bisa buka rekening karena harus ngisi nomor telepon perusahaan. ???. Stack di step akhir."
makmur ina,5,2023-10-20 11:50:18,Thx apk sangat membantu
Taufiqul Hafiq,1,2023-10-20 11:28:35,BSI kenapa gak bisa di hapus dari ipon sedangakan saya udah menghapus nya
Umen,5,2023-10-20 11:06:49,"tolong support setor tunai via aplikasi dong, repot juga kalo lagi gk bawa kartu"
Tuan Muliadi,5,2023-10-20 10:45:07,Sang at membantu masyarakat Tampa dipengaruhi waktu Dan jarak siap pakai terimakasih BSI
Linanti Fikri,5,2023-10-20 08:46:29,BSI is the best
Teuku Muhammad Reza Katami,5,2023-10-20 08:41:20,Semakin mudah dalam melakukan transaksi
Fauzia Dedi,5,2023-10-20 07:19:18,Seru
Haris Ismed,3,2023-10-20 06:36:55,Aplikasi sering error.. Tolong di kondisi kan
Rasdisalam Massikki,1,2023-10-20 06:16:47,aplikasi eror gk mau terbuka
FERRY JUANDA,1,2023-10-20 05:21:15,"Tidak bisa login, selalu informasi kehabisan waktu"
huzaifah bangka 082178193559,5,2023-10-20 05:17:23,kenyamanan transaksi gak perlu ribet sangat membantu kami yang suka mobile
Riyan NRS,1,2023-10-20 03:46:34,Ini kenapa aplikasinya gak bisa di uninstall? Edit: apa hubungannya anjir uninstall apk sama jaringan data
Eka wahyuni,3,2023-10-20 02:10:21,"Susah buat verifikasi wajah sudah,videocall juga tapi di suruh untuk aktivasi lanjutan tidak bisa"
Reza Pahlevi,1,2023-10-20 01:49:08,bank terburuk yang pernah ada
HD -,1,2023-10-19 22:38:49,Saat buka aplikasi tidak bisa diklik apa-apa. Tolong diperbaiki
Kyuu Ga,1,2023-10-19 14:51:49,"Bsi ini banyak kali gangguan heran saya, sampai tak makan seharian saya di buat BSI ini, heran , mau tarik uang aja pasti selalu ada gangguan jaringan"
Bun Yamin,5,2023-10-19 12:29:03,keren ini bsi mobile.. membantu sekali setiap saat
Safrijals Atjeh,3,2023-10-19 12:09:32,Iya dengan ada nya apl ini smua nya jdi mudah trima ksih
Waluyo Waluyo,1,2023-10-19 11:59:35,"Makin kesi aplikasi makin gak jelas. Lemot, QRIS sering eror, banyak bugnya. Ini yang develop apa anak SMK? Menjengkelkan"
Hendri Yanto,3,2023-10-19 08:30:31,"Kok aplikasi nya pas dibuka keluar tulisan ""Permintaan Kehabisan waktu"" udah sering begini,, mohon penjelasannya min,,,"
A.REYHAN RIMBAWAN,1,2023-10-19 07:43:08,Mohon maaf ka ini kenapa gak bisa ke buka apk nya di dalam apk nya tertulis terjadi kesalahan saya lagi mau transfer ke rekining sodara saya ini mohon di perbaiki langsung dehh
Yusufputra Yusuf,5,2023-10-19 06:45:44,Aplikasi sngat membntu dlan bertransaksi setiap hariny cocok pkony
Salva K. Sava,1,2023-10-19 06:04:24,"Pelayanan customer service tidak responsif. Disebutkan bisa mengirim pengaduan lewat email, namun saat mengirim mengirim pesan pengaduan ujungnya diminta telfon 14040 atau datang ke cabang. Meribetkan sekali. Saya coba mengirim pengaduan lewat aplikasi juga malah diputus sepihak chatnya, padahal permasalahan belum terselesaikan. Kacau sekali pelayanannya😭"
Traseur Youssef,5,2023-10-19 05:19:40,sagat bagus... memudahkan pegiriman duit gak payah ke bsi
Adri Winarga,5,2023-10-19 04:49:39,Mantap
Rini S. Farm,1,2023-10-19 03:35:56,App kenapa susajh di hapus malahan bertambah bnyak kalau di hapus macam virus saja
Hann Akbar,1,2023-10-19 02:35:40,"untuk aktivasi wajah sangat susah padahal pencahayaan sudah bagus, sudah video call tetep gagal aktivasi nya mohon pihak bsi diperbaiki sistem nya"
Aan Handiyanto,1,2023-10-19 01:38:07,"Udah beberapa hari ini mau top up melakukan pembayaran gak bisa, harus mutasi dulu ini gmana ya? Lama2 ngecewain sih cuma bagus disyariahnya aja, pegawainya aja pd gk ramah, dimintain tolong judes, buat bsi diperbaiki lg pelayanannya jangan cari halalnya aja mksh 🙏, bank halal tp pelayanan buruk bg saya nambahin dosa aja, bikin emosi, maaf ini pengalaman saya aja sih 🙏"
Rodi Ilham,5,2023-10-19 00:35:59,Sangat Membantu. Terima Kasih BSI.
Buyung budi Aditya,1,2023-10-19 00:23:41,Verifikasi datanya lama banget saya sudah menunggu sekitar seminggu tapi masih aja di proses terus. Untuk kedepannya tolong verifikasi datanya agar dipercepat.
Purwansyah Puri,5,2023-10-18 22:39:54,Nice
Syarif Abdat,1,2023-10-18 21:08:15,Hancuur cara kerjany
Mardi Setiawan,2,2023-10-18 18:13:29,"Mohon buat pengembang BSI mobile. Untuk tampilan menu nenunya di buat tex aja, agar BSI mobile bisa akses juga buat tunanetrra, sebab 40% nasabah BSI adalah kaum disabilitas netra. Karna tampilan BSI mobile yang terbaru ini menu menunya gk bisa terbaca oleh pembaca layar tunanetra di hp mereka termasuk saya."
Hendri Aprizal,1,2023-10-18 17:02:24,Taksuka
sefulisasi,1,2023-10-18 16:39:09,"Apk eror tidak bisa diakses, tidak bisa cek saldo, transfer dll Padahal lagi urgent !!!!"
Bayu Prasetiawan,1,2023-10-18 15:48:47,"Bank ga jelas, mau aktifasi ulang ko ga bisa"
Tinto Karadin,2,2023-10-18 14:56:40,"Bisa dijelaskan kepada saya, mengapa ada saldo yang hilang sebesar Rp. 20 rb, dan tidak tercatat di mutasi??"
Muhtar Pko b,5,2023-10-18 14:54:26,Terimakasih bsi walau sering eror tapi bertanggung jawab atas keluh kesah nasabah nya dan cepat atas penanganan masalahnya
Aulia Rahman,1,2023-10-18 14:45:39,sering bgt gangguan
Udi Supriadi,5,2023-10-18 13:04:28,Bagus sangat
Infinix 123,1,2023-10-18 12:50:01,aplikasi aneh... setelah diklik seharusnya minta user dan password. lah ini malah langsung aja.
Fennando Matondang,1,2023-10-18 12:22:41,"Assalamualaikum... Lagi dan lagi aplikasi error tidak bisa dibuka, mohon segera ada perbaikan..."
fahmi Ulilalbab,1,2023-10-18 12:07:20,Apasihhh BSI ini sering banget arorrrrrrr tau gk kalao ada urusan penting??? 😡😡😡😡😡😡Malah erorrrrrr
Kyungiie Cimol,1,2023-10-18 12:06:29,"Setelah update, malah makin gk jelas. TopUp kgk bisa. Bayar listrik kgk bisa. Hadeeuh. Makin maless pake BSI."
Edimabhanikemenag,5,2023-10-18 11:25:00,"Baik sekali, tapi ketika digunakan ada kata yang meminta untuk di cek kembali saldo"
HWD Jr,5,2023-10-18 10:22:05,Mantap
Bayu Thirafi,1,2023-10-18 09:03:24,"Kasus BSI ini Aneh2 , top up saldo dana ga masuk lah, tarik tunai ga bisa lah , tapi semua ke potong saldo, nlpn lama bngt ngabisin pulsa yg cukup lumayan, mending ada feedback nya KOSONG"
Muhammad Aditya,1,2023-10-18 08:50:05,Parah Saldo saya tidak masuk ke rekening
Hendro Darusman,5,2023-10-18 06:34:08,Sangat baik
Puri Melati,1,2023-10-18 05:33:05,"sayang nya aplikasinya sring eror padahal yg ngirim uang udah sukses tapi uang blom masuk , saya sebagai pelaku umkm merasa di rugikan,"
Ikhsan Kurniawan,1,2023-10-18 05:30:21,"Mesin atm banyak yg rusak kalo gak kartu nya yang ketelen atau uang yang nyangkut dimesinya gak ada penyelesaian, dan pelayanan b aja cederung buruk, aslinya kapok pake bsi kapokkkkk bgt kalo ada lagi sistem syariah saya mau pindah aja untuk kedua kalinya uang saya gak keluar tapi saldo udah kepotong"
Bianca Lazuardi,1,2023-10-18 04:29:58,"Bank burik. Layanan terburuk, jaringan terburuk, kualitas terburuk. Suka nelan uang orang, begitu laporan kudu tunggu 14 hari kerja. Woiii ... Orang narik duit untuk di pake bukan buat di pajang doang. Ah, ampas! Tobat gua make ini bank. Rating 1 terlalu tinggi, 1/4 yang paling cocok."
Syafira Izzati Putri,3,2023-10-18 04:22:02,Request time out mulu
Irwan Mei rabuansyah,5,2023-10-18 04:17:54,Aplikasi nya cepat & lengkap
DM STUDIO,2,2023-10-18 03:45:44,"Sering banget gangguan,, gak bisa tf lah,, hadeuh.. Kayanya masih lebih nyaman dan lancar sebelum di gagung jadi BSI.. waktu gw masih pake BNI Syariah aman² aja.. Semoga lebih baik lagi.."
oyon mariyadi,5,2023-10-18 03:30:40,"Sangat berguna untuk cek, dan kirim uang melalui aplikasi BSI Mobile ini, Mohon lebih ditingkatkan lagi"
Ringga Syaputra,1,2023-10-18 02:49:25,Transaksi sering bermasalah Waktu transfer lama sekali
syifa friza,5,2023-10-18 02:20:56,Terimakasih uang saya telah dikembalikan 😃👍
Wahyu Ardians,1,2023-10-18 02:15:04,problem solving lama
bobaaa,1,2023-10-18 01:47:30,"Cashback promo 10.10 McDonald's gak masuk2, pas ditanyai lewat DM Instagram malah disuruh urus ke kantor👎🏽 promo bank teribet seantero jagat👎🏽"
Romi Al-Bantani,2,2023-10-18 01:41:20,"Per hari ini kenapa mau transfer gagal terus,,,,??"
Aditya Herllambang,1,2023-10-17 23:23:01,Notifikasi SMS pake tarif.?? Administrasi perbulan 10rb?
Setia Kawan,2,2023-10-17 22:41:48,"Top up e wallet, status berhasil tapi saldo gak masuk, pengaduan d prosesnya lama 5 hari, sumpah makin gak nyaman pake bsi"
burhann cavalera,1,2023-10-17 17:34:36,"Setelah update kagak bisa dibuka...hadeeeuhhh Tolong Admin diperbaiki kinerja BSI Mobile,kasian tuh nasabah..🙏🙏"
Bastian Bastian,5,2023-10-17 14:13:48,Apk sangat membantu utk mengetahui saldo
Yolanda Kartini,5,2023-10-17 13:48:55,Apliksi ini sangat bagus
Daniel andrehan,5,2023-10-17 13:46:24,Mudah seli selama ada aplikasi ini
Nazwa Maulidya Harahap,1,2023-10-17 11:17:31,"Top up dana gagal dan pengaduan bertele tele, perbaiki lah aplikasi ini"
Wahyu cg,1,2023-10-17 10:41:26,"Apakah bsi lagi eror ? Saya transfer uang dari ovo ke BSI blm masuk2 , padahal di ovo sudah ada tulisan transaksi berhasil , tapi saya cek daftar mutasi dan saldo di BSI masih Blm masuk"
Iwan Fernandes,5,2023-10-17 09:57:50,Mantap
Alwiyah Alatas,2,2023-10-17 09:02:51,Knp bsi saya tdk bisa di buka tiap tekan apk selalu kluar sendiri ada tulisanrc99rooted
Cut Ulya,1,2023-10-17 08:53:05,Transferan dari pengirim sudah tertera berhasil namun tidak masuk ke rekening saya
Salman afarizi,5,2023-10-17 08:47:12,Ok
Cut Nurmukamah Kamah,5,2023-10-17 07:12:03,"Saya suka bsi,memudahkan saya untuk transaksi apapun🥰🥰"
Lilis Tianah,5,2023-10-17 05:58:45,"Aplikasiny sdh sangat bagus, walaupun bank nya tergolong baru tapi fitur2nya sdh hampir sama dgn aplikasi mobile bank2 lain yg lebih senior, di tambah pada aplikasi ini jg ad fitur bersedekah jadi sangat membantu utk sy yg jarang pegang uang tunai."
Sandika Faradi,5,2023-10-17 05:06:25,"Terimakasih aplikasi BSI.. aplikasi ini sangat membantu dan mempermudah kita saat bertransaksi apapun,, ditambah limit yng gede dan tanpa ada potongan perbulan 😍"
taufiqul hafiz,5,2023-10-17 03:55:56,Sangat membantu dan tidak buat ribet.
Eko Sulistyo Raharjo,2,2023-10-17 02:48:00,Verifikasi melalui video call nya ngak bisa. Percuma aja kalau ujung2 nya dateng ke kantor cabang
Biyaa,1,2023-10-17 02:47:11,"Makin aneh beli pulsa hp maupun beli voucher google ""batas waktu akses telah berakhir"" terus nggak pernah masuk, saldo pun kepotong lihat riwayatnya nggak ada di daftar mutasi ada sempet ku lapor ngabisin pulsa juga jawabnya iya iya aja makin nggak percaya"
Andiyo Putra,1,2023-10-17 02:15:14,"Aplikasi sering gangguan, atm juga, tidak ada tanda eror, pas ambil uang koneksi time out, saldo terpotong uang tidak keluar, proses nunggu 5-14 hari kerja, tidak efektif, padahal bukan kesalahan nasabah, ke cs sudah dicek ktp dll, tetap saja"
Erwin April,1,2023-10-17 01:25:05,Akhir akhir ini Server BSI sering Down dan lemot muncul Transaksi Anda Kehabisan Waktu ngecek Saldo di ATM saja gak bisa jadi ragu ragu mau Transaksi BSI. Upgrade lagi itu Server nya seiring bertambah nya Nasabah mu
Sahrina Lanta,5,2023-10-17 01:22:08,Baiklah
W_ Vhysss,1,2023-10-17 00:26:31,"Suka ga bisa di buka, padahal udah update, hapus change, koneksi stabil... Masih aja suka gitu, klo lagi butuh cepat sering banget ga bisa buka, mempersulit transaksi"
rian pleng,1,2023-10-17 00:19:49,"Setelah update malah makin jelek ,, Bukan nya memuaskan malah yang ada bikin ngak nyaman bertransaksi .. bukan nya makin cepat malah makin lelet .."
Airlangga tama Praditya,5,2023-10-16 23:39:42,Ok
Restu Asegaf,4,2023-10-16 17:08:30,"Problem solved,,tp masih kurang nyaman dgn input pin berkali kali tiap akses menu penting"
edi pranata,2,2023-10-16 13:06:57,kenapa QRIS saya tidak bisa? mohon di jawab dan di solusikan! Terimakasih
feryan danni iswara,5,2023-10-16 12:21:40,Ayuk bsi jadiin super app nya
SR sira,1,2023-10-16 12:09:34,Mau aktivasi ngk bisa terus karna kode otp telat masuk trus
Agus Supriadi Agus,5,2023-10-16 11:22:08,VERY GOOD
Rizqi Kheir,1,2023-10-16 09:12:54,Sering trobel... Sangat mengecewakan
Hendri twin88,5,2023-10-16 08:16:07,Mudah sekali aplikasi bsi mobile untuk bertransaksi . Gak usah pergi ke bank lagi...
hafifanti putri,2,2023-10-16 07:49:45,Kenapa ya saya nggak bisa membuka aplikasi padahal aplikasinya udah di-upgrade tolong dong diperbaiki dan mohon bantuannya
Atica sholikha,1,2023-10-16 07:27:04,Sekarang setelah di update malah tidak bisa transaksi qris ya. Gimana sih
lima persahabatan,1,2023-10-16 06:16:48,Sering tidak bisa di buka
Giyanti,1,2023-10-16 05:45:57,"Ga bisa Mulu,saat melakukan masukan nomor kartu di aplikasi ini,tiba tiba ada bacaan tidak ada internet,padahal internet saya bisa"
Rahmi Fitriani,5,2023-10-16 05:16:05,Semenjak ada BSI transaksi lebih mudah
Kurniawan Ladimun,5,2023-10-16 04:41:41,Ini bagus
Riyanti Novitasari,3,2023-10-16 04:26:56,"Dulu sebelum update mudah sekali utk cari nomor rekening dan ada barcodenya untuk share nomor rekening jadi tidak ribet, tp setelah update bukannya makin maksimal malah hilang fitur nomor rekening dan barcode yg ada di atas kanan."
Deby Indriyani,1,2023-10-16 04:15:49,Jelek bgt aplikasi nya .. bikin rekening online gagal harus aktivasi ke gerai lgsg. udh buka ni rekening manual tinggal aktivasi mbanking doank gusti gagal mulu ..
Nur Isnandar,4,2023-10-16 03:55:43,Mantapzzz... Mempermudahkan
Sely Handayani,5,2023-10-16 03:53:53,Sangat bagus
Aidil. is,5,2023-10-16 03:23:02,saya sudah mengunakan bsi mobile selama 3 tahun alhamdulilah tidak ada gangguan. terimakasih🙏
Endang Mansurah,1,2023-10-16 00:26:04,"Knpa sih,kok gk jelas x udah m banking nya🥺,GK bisa di gunakan sama sekali,semua menu GK bisa di tekan,makin GK paham dgn m banking sekarang"
Akhmad Zaeny,1,2023-10-15 16:48:41,"Buat rekening online sdh seminggu lebih masih status verifikasi, ampun... Buka rekening karna tuntutan dipakai bayar sekolah anak di MAN... Ternyata banknya berdiri dengan aplikasi yg masih SD"
Bolu Gaming,1,2023-10-15 15:22:47,GK jelassss padahal udah top up ke e wallet saldo udah terpotong tapi belum masuk ke e wallet nya
Abang Bambang,5,2023-10-15 15:08:23,tabungan yg sangt bermanpaat
RIZKI NUR AINI,1,2023-10-15 14:28:39,"Qrisnya tidak bisa digunakan. Tidak bisa scan barcode, blur. Padahal saya pake qris dari bank lain bisa² aja. Tolong diperbaiki"
Della Aulia,5,2023-10-15 11:56:05,Sangat menyenangkan
Rifat Wahyudi,5,2023-10-15 07:53:51,Oke
Mita Arsyad,5,2023-10-15 07:19:40,Bgus
Ancual 13,1,2023-10-15 05:25:32,Aktivitasi Ribet banget tidak seperti BCA BNI sangat dipermudah hm
Marga syabani,5,2023-10-15 04:31:29,Sekarang aktivasi jadi lebih mudah semenjak di update. akhirnya bisa megang mbanking setelah beberapa bulan
budi gelatik,1,2023-10-15 03:57:28,mobile banking paling BANYAK MASALAH
Alzemar Sugara,5,2023-10-15 00:19:08,Lebih mudah dalam betranksi keuangan
Rahesa Ibrahim,1,2023-10-14 16:28:53,"Tolong bantuan nya Admin terkait permasalahan gagal EDC ,, tapi knp saldonya saya kepotong ,, dan skrng BSI sangat buruk untuk segi BSI mobile ataupun kredit nya ,, karna setiap transaksi pengambilan uang tidak bisa , sangat merugikan kalau seperti ini terus"
Riani Riani,2,2023-10-14 13:01:21,Mw nanya saya sudah aktifasi dari kemarin MLM tapi sampai saat ini belum bisa digunakan . kok lama sekali gimana ini Verifikasi anda sedang dalam proses terus sudah 2hari ini
Say Cena,5,2023-10-14 11:56:49,"Di versi ini notivasi azan tidak bisa muncul di layar atas hp, ketika setelan notivasi diaktifkan ke on, tapi secara otomatis kembali lagi ke non aktif. versi ini sangat ribet"
Ahmad Maidin,5,2023-10-14 09:52:43,Sangat membantu
Dwi sekar Laras,1,2023-10-14 05:28:56,"Instal aplikasi bank yang paling ribet di Indonesia kayanya. Ga kaya aplikasi sodaranya... Mudah, ga ngerepotin. Coba tiru dong... Masa ga bisa. Hari ini verifikasi pake wajah, ga ada yang berhasil. Wajah saya yang bermasalah atau gimana sih. Udah video call, sudah diverifikasi, ga lama muncul, verifikasi anda tidak berhasil. Jadi buat apa semuanya? Kl akhirnya harus dateng manual juga ke kantor bank nya. Cape deh. Mohon maaf, wifi di sini bagus, aplikasi anda aja yang buruk. Bisa ga ky Mandiri"
Ade Kosasih,1,2023-10-14 04:40:59,"proses buka rekening sangat mudah, dan simpel. tapi sampai skarang sudah hampir satu pekan. masih proses peripikasi aja. apk macam apa ini. klo gagal ya gagal gitu, jngn buat org mnunggu,"
Joc Jovis,2,2023-10-14 03:25:28,"R99 Rooted device detected, problem gabisa masuk aplikasi, sulit untuk transaksi"
PPWI Makassar,1,2023-10-13 21:39:34,"Aplikasi tidak berguna selalu Permintaan Kehabisan Waktu, BSI cerdas lah layani nasabah, atau kami pindah Bank, selalu jawabannya pakai koneksi internet stabil, buka aplikasi Bank BCA dan BRI tdk ada kendala"
Dafid saputra,5,2023-10-13 17:29:47,sangat bagus
Ucok Ganteng,5,2023-10-13 15:02:56,"Bank apaan ini, dkit2 rusak. Balikan aja BRI ke aceh lagi BSI gangguan mulu"
Haris Fahril Akbar,1,2023-10-13 12:02:00,"Bukan cuma aplikasi nya doang yg error, mau tarik tunai di beberapa ATM bsi gk bisa, emang lucu banget bank ini. Nyesal buka rekening disini"
Arul Sinulingga,5,2023-10-13 11:50:51,Sangat membantu
Erly Syafiil,2,2023-10-13 11:38:27,Sering error
Dedi Gozali,5,2023-10-13 11:28:27,Sangat membantu mudahnya transaksi
Muhammad Ramadhan,1,2023-10-13 09:06:19,Sering bener RTO
Ihza,1,2023-10-13 08:23:06,APLIKASI KURANG FRIENDLY RIBET
rahmat setiawan,1,2023-10-13 08:11:24,"Saya topup ewallet keterangan berhasil tapi saldonya tidak masuk masuk saldo rekening pun sudah terpotong ,saya coba topup pake mbanking lain lagsung masuk"
dholy rr,1,2023-10-13 07:53:01,"setelah update aplikasi selalu mengalami request time out, mohon untuk diperbaiki kendala tersebut"
MITRA ABF,3,2023-10-13 07:36:18,"Jangan di donwlod login lg gk bisa, no hp benar tgl lahir benar no rekening benar tetap gk bisa login ini kasusnya sm ky ngaktivin kartu debit harus ke kcp"
Andre Aja,5,2023-10-13 07:31:28,"Sangat memudah kan kita untuk bertransaksi, bagus"
Muyasar,5,2023-10-13 06:52:22,Sangat bagus dan sangat luar biasa sukses terus bank syariah mandiri ( BSI )
R V,5,2023-10-13 06:28:41,"sangat bagus,di persimpel aja dalam verivikasi sangat recomded"
Abu Dorb,1,2023-10-13 05:28:19,"AKTIVASI MU ITU GIMANA TO! UDAH NGISI BENER KO MASIH TETEP SALAH. . KENAPA ITU KENAPA? CAPER TAH SISTEMNYA WOI! . KODE REFERAL KAN JUGA SAMA KODE PETUGAS BANK ITU KAN UDH DI DALEM KURUNGIN (BILA ADA) yAA GA DIISILAH, KAN EMANG GA ADA BE ES I, GIMANA SIH, TAPI KENAPA GAGAL TERUS TUH KENAPA! 2023 MAU 2024 WOI BERAPA BULAN LAGI, AISTEM MASIH GINI AJA, AKTIVASI DIPERSULIT, DIKIRA MEMUDAHKAN, WKWK.. PALING JAWABANNYA 'KAMI MOHON MAAF ATAS KETIDAKNYAMANAN DLL.. WKWK' BUKAN BUTUH JAWABAN ITU!"
Faiqoh Nurafifah,1,2023-10-13 04:24:17,"ini bsi kenapa dah kok gak bisa di uninstall, udah di uninstall tiba2 muncul terus, daftar bsi kemarin karena disuruh di organisasi, pengen uninstall karena ga kepake + memori penuh, tapi ga bisa di uninstall, dan kalau pun mau liat saldo ribet pulak"
Lukmansyah MS,5,2023-10-13 03:39:31,"Bagus banget aplikasinya, sangat memudahkan akses, anti ribet, dan sangat banyak fitur yg disediakan, baik tabungan, transfer, dan biaya admin yang murah, semoga kedepannya makin berkembang lagi"
T Rijal nurdin,5,2023-10-13 03:23:11,Saya sangat puas dengan aplikasi ini. Membuat saya mudah mentransaksi
Erlangga Dibya,3,2023-10-13 03:18:17,"Saya tunanetra, saya menggunakan aplikasi pembaca layar. Sekarang saya merasa kesulitan karena icon di BSI mobile tidak terbaca oleh aplikasi pembaca layar. Mohon diperbaiki."
Arif Budiman,5,2023-10-13 03:13:52,Dengan syariah menjadi lebih baik..😊😊😊
Pery Stg,5,2023-10-13 02:23:46,Bgus dan membantu...
UC Gaming,2,2023-10-13 00:25:31,Pengiriman kartu debit ongkir ditanggung nasabah. Di bank sebelah gratis smua.
BAHALAP NINJA,1,2023-10-12 19:58:42,"gagal terus verefikasi, belum selesai malah diacuhkan....!!! saya cukup kecewa, BANJARMASIN (KAL-SEL). danpasti dipermasalahkan jaringan. punya cepat,,, sosmet dan download, tpi di permasalahkn selalu jaringan."
Didi Sunardi,2,2023-10-12 17:16:01,Untuk veripikasi wajah sangt sulit uadh senyum ngdip buka mulut gmn ssh bngt
tauhidalfaqir alfaqir,4,2023-10-12 14:46:35,Bagus pelayanan nya
wan fathur,1,2023-10-12 13:35:15,"Saya kemaren bikin rekening Wadiah ,kata nya Wadiah tak ,akan berkurang ,ternyata gak,uang nya berkurang terus,kecewa saya"
Burhanudin Burhanudin,5,2023-10-12 13:26:01,sdh downlod aplikasi dibuka selalu muncul BSI mobile telah berhenti...gmna cara mengatasinya?saya pke android
Saifunnur Sy,5,2023-10-12 12:11:58,Mantap
Melyanitasari Yanie,5,2023-10-12 12:02:29,Trimakasih bsi
Muhammad Habib Al Hudry,1,2023-10-12 11:24:45,"Mbanking paling susah banget proses aktivasinya yg pernah sy coba, udah berkali2 gagal verifikasi wajah. Coba verifikasi video call juga lama banget gak ada panggilan..Tolonglah alur aktivasinya diperbaiki lagi"
Fitra Ayunazilla,1,2023-10-12 08:47:45,Aplikasi paling jelek
رَسَا تَسْلِيْمَا,1,2023-10-12 07:02:42,"Sering top up tp gamasuk, dikira gampang cari duit pantes reting nya kecil banyak masalah , customernya juga ga membantu"
Jmc Mc,1,2023-10-12 06:58:19,Sangat2 bagus skrng aplikasinya.sdh tak bisa login malah eror sepanjang hari kan bagus....
Ibnu Katsir,1,2023-10-12 06:26:16,Tadi pagi aku top up dana tapi saldo dananya tidak masuk sampe sekarang dan salda rekening saya dipotong
Nur Wulan Maudini,2,2023-10-12 06:21:15,"Permisi, ini QRIS tidak bisa dibuka solusinya bagaimana ?🙏😭 sudah di update tetep tidak mau"
ahmad romlan,5,2023-10-12 05:48:25,"Mudahkan dalam melakukan transaksi, sehingga di manapun kita tidak takut tidak pegang uang cash, semoga menjadi solusi bagi penghuni BSI"
triyanlinggistang ban,1,2023-10-12 04:31:03,"Transaksi Qris dari sudah 2 mingguan status masih proses terus, sudah lapor BSI care tetep aja uang belum masuk merchant"
Choirur Rizqi,1,2023-10-12 01:19:13,Puluhan kali verifikasi wajah gagal terus. Lalu harus bagaimana? Tadi HP disangka diroot. Sekarang sudah bisa buka aplikasi malah gagal verifikasi wajah terus. Dasar verifikasi wajah di BSI apa sih? Orang kan ya tambah tua. Huhuhu
ilham syahputra,5,2023-10-12 00:44:38,Bagus... terus berikan kenyamanan dalam bertransaksi di BSI
Ardhiana Malik,1,2023-10-12 00:28:44,Mau masuk juga jdi dipersulit
Yoga Ari Wibowo,1,2023-10-12 00:27:53,"Ingin menggunakan aplikasi ini saja harus rekam senyum, buka mulut, kedipkan mata... Dan tidak bisa masuk"
nanang merzy,5,2023-10-11 23:36:24,"Assalamualaikum, mau tnya knp bsi mobile tdk bisa d akses pada OS 7.1.1,, mohon penjelasannya & solusinya, terimakasih"
Squad cah asefaa,1,2023-10-11 23:34:08,"apaan ini kok susah bngt masuk d akun bang yg SDH ada. tinggal verifikasi wajah aja gagal Mulu . padahal wajah saya gini gini aja GK ada perubahan. apa ini bertanda saya makin ganteng jadi pihak Bank GK bisa verifikasi wajah saya? atau makin jelek.? ntah lah . sudah video call jg sama pihak bank buat isi data agar d aktifkan BSI mobile saya tapi tetap aja GK aktif"""
Esti Tami,1,2023-10-11 22:58:44,"Login pindah di HP lain ribet ga bisa masuk gagal terus sudah coba bekali""."
rafi hamdani,1,2023-10-11 20:15:35,"Kenapa M-banking BSI sekarang gk bisa login selalu gagal,mohon di perbaiki apk nya"
andie limar,1,2023-10-11 17:36:20,"Apk buruk, mau verifikasi wajah aja susah,gagal trus, padahal kita pakai muka kita, KTP kita, mala gagal2 trus, sampek kesel gue, bikin transaksi kita terhambat"
Muhammad Rezky Fadillah,5,2023-10-11 14:39:57,Keren
Suwito Wito,3,2023-10-11 14:18:32,Kenapa aplikasinya GK bisa di buka
Nia Kurniasih,5,2023-10-11 12:52:54,Oke
Aku Lanang,5,2023-10-11 12:15:20,"Ga jelas, dibuka malah terpental keluar!"
PT FF,1,2023-10-11 09:51:04,Error'
Bayhaqi Lubis,5,2023-10-11 05:33:35,Bagus
Erwin Nagan,5,2023-10-11 05:20:16,aplikasi nya cepat dan mudah
Tohirin Tohirin,5,2023-10-11 02:20:21,"Saya mau cek saldo dan riwayat transaksi kok g bisa ya, tak masukan password bilang e salah dan tak cek katanya suruh update aplikasi, padahal udah tak update tapi masih kayak gitu. Gimana ini BSI, ada apa dengan aplikasi aku?"
andre kurniawan,1,2023-10-10 21:36:10,Layanan lambat. Minta rekening koran sajah sampai lebih dari 1 bulan belum selesai2
rudia Nsyah,1,2023-10-10 18:49:33,Kurang berguna aplikasi ini. Kaya aplikasi sampah.
Jepriansyah Jepriansyah,1,2023-10-10 17:08:20,"Pak buk, gimana yah kok di BSI sering sekali gagal dalam transaksi. Seperti skg, saya mau beli isi token. Malah gagal . Duhh tolong pak dipermudah dan di nyamankan lagi konsumen nya. Kalo kayak gini terus, bisa lari konsumen anda"
Muhammad Aldi Arrahman,1,2023-10-10 17:04:28,Kenapa sulit sekali untuk verifikasi wajah?
Ahmad Yusuf Hilmi Ahmad Yusuf Hilmi (Ahmad/Yusuf 14),5,2023-10-10 15:33:34,mantap jaya
Fenderico Siyam,5,2023-10-10 14:35:48,Klinik j pada...
Muhammad yusuf,4,2023-10-10 14:28:28,"Kenapa aplikasi saya gak mau di akses ya?? Smpe sya harus hapus dan instal lagi, tapi masih blm bisa akses???"
Imron Rosyadi,5,2023-10-10 13:26:01,Jos Gandos
Maz edy Puryanto,1,2023-10-10 12:47:50,Udah punya rekening buka vertifikasi wajah lama bngt abis itu gagal..! Perbaiki lgi ..woyy
dwii febrii peb,1,2023-10-10 12:34:01,Aplikasinya gak bisa di hapus
bilemerlad,2,2023-10-10 12:12:33,"Sudah download, sudaj install di android tapi sayang tidak bisa di buka, keterangan aplikasi terus berhenti, ada solusinya gak"
Ananda Hasibuan,3,2023-10-10 10:41:54,Rumit
Nur Kholis,4,2023-10-10 10:41:05,InsyaAllah sudah bagus. cuma pada bsi keybord masih ada yg kurang. saat ingin kembali ke keybord bawaan hp ndak bisa. harus lewat oengaturan hp. tolong segera dibenahi. jika logo bsi ditekan lama seharusnya muncu pilihan keybord lagi Bukan amlah masukin pin.
Hanik Mulyandari,1,2023-10-10 10:31:28,Sering error
Surohman,4,2023-10-10 10:05:30,Hallo kak . Knpa qr saya ga bisa di gunakan ?
ridwan hamzah,1,2023-10-10 08:35:38,"Untung gak jadi buka rekening disini, dari awal registrasi ajah banyak errornya gimana pengelolaan bank mya"
Alfaritzi Maulana,1,2023-10-10 08:21:03,QRIS tidak bisa diakses dari samsung galaxy s21 fe :((
Muhpray 036,1,2023-10-10 07:51:03,Kalau belum siap jadi bank gausah sok2an jadi bank Ngerepotin nasabah aja bos
Sopan Sopian,1,2023-10-10 07:34:12,tidak baik
Ipah,1,2023-10-10 07:30:56,"Application can't launch properly after select ""Buka Rekening"" then keep closing in many time. I check the spec for this app. and nothing to be worry ""Apps cab running properly"", check the update for the phone and anything posibility. So, please fix the bug, thank you."
zen muhammad,5,2023-10-10 06:57:45,Mantab sangat memudahkan
Hendra Yani,1,2023-10-10 06:41:42,Aplikasi eror mau masuk saja tdk bisa durasi waktu habis. Bgmn ini ??
erna netti,2,2023-10-10 06:38:49,okee
agus An'im,1,2023-10-10 06:34:42,"Setiap ganti kata sandi pasti ga bisa masuk ""kata sandi salah"" bru kemaren ganti sandi ya kali bisa lupa uda di catet jga inisiatif barangkali lupa tpi ttep salah gjls uda ke 2×nya bgni"
Wiwit Dwi Jayadi,5,2023-10-10 04:07:47,Aplikasi mudah dan praktis
seam remo,5,2023-10-10 04:07:28,Mantap
Aslam Muhammad,5,2023-10-10 04:03:52,Sangat membantu bertransaksi dari rumah dengan 1 ketukan saja.. 👍🏻👍🏻
Badru Tamam,5,2023-10-10 04:03:02,MAntab
Husin,5,2023-10-10 02:26:26,Kok error ? gak bisa dubuka sama sekali
Viden Rahmat,2,2023-10-09 14:40:25,Banyak eror nya..topup tapi dana tidak masuk padahal berhasil
Rizki Miyani,3,2023-10-09 13:56:11,QRIS gak bisa d ponsel Infinix GT 10 Pro
sobariah humaira,2,2023-10-09 13:34:31,"Mau aktivasi susahnya naudzubillah!!! Sampai harus nunggu 1 jam lagi karna data yg di masukan salah? Jika data yg saya salah, lalu salahnya di mana? Sedangkan saya sdh buka rekening di BSI Hanya tinggal aktivasi aja"
Rudi Saputro,1,2023-10-09 12:54:24,Belum genap satu bulan sudah eror. #payah
Alfi Putra,1,2023-10-09 11:00:02,Jadi lebih sulit
Bustami Bustami,5,2023-10-09 10:18:42,Very good
syarifah lestari,1,2023-10-09 09:23:55,"Gak bs qris, topup, dll dg alasan saldo kosong (padahal ada). Sudah hubungi cs sampai datang ke bank tp seminggu lebih masih blm beres. Skrg csnya dihubungi lg slores seselow2nya, baik yg dr app maupun dr bank. BURUK!!"
『SK』 ARMY么,2,2023-10-09 08:54:33,BSI skrang klw mau top up sering terjadi dile mau top up dana aja dile harus nunggu 2 hari saldo baru masuk tlong dong puu di perbaikkin bikin gk nyaman aj🙏🙏
Arga Suprianto,1,2023-10-09 08:54:10,"Kecewa, verifikasi wajah berkali2 stag gk ada respon apapun...apa tdk alternatif cara lain?"
Hendri Aya17,5,2023-10-09 08:39:59,"Senjak ada aplikasi bsi mobile.menjadi membatu utuk transaki,jadi gak harus pergi ke bang nyaah langsung.cukup buka aplikasi....terimakasih bsi mobile"
muhaimin putri,5,2023-10-09 07:54:18,bagus
Denadha vanesya,2,2023-10-09 07:04:16,Katanya syariah biaya transaksinya banyak banget
Saidina Azni,5,2023-10-09 05:37:40,Aplikasi yg mudah transfer mantap
Kokom Okom,5,2023-10-09 03:09:57,Bsi KC Karawang satpam nya dan pelayanan nya the best banget makasih
Rendys Ampas,1,2023-10-09 02:13:38,"Bank sampah banyak kendala, potongancepat banyak minta sedekah bank pengemis"
Safaruddin,1,2023-10-09 01:19:55,"Aplikasi gak guna,,,gak jelas,,,slalu sja brmasalah dlam keadaan darurat,,,,skalian aj gak usah bkin aplikasi klau eror terus kdang maw transaksi gagal terus😠😠🤬"
ellyk syifa,5,2023-10-08 21:20:57,Kenapa menu cek saldo . Transfer . Beli .tidak dapat di buka yang lain bisa di buka
fiki chanel,5,2023-10-08 20:42:16,Mudahan berkah
Hendri Safano,5,2023-10-08 15:17:18,Mantap
Dimas rangga Firmansa,5,2023-10-08 14:55:29,"Dengan tidak mengurangi rasa hormat kami, saya ingin kedepanya segera ditambahkan lagi 1 fitur di dalam BSI MOBILE, pada menu Top Up eWallet yaitu menu Top Up ISAKU , TERIMA KASIH MOHON SEGERA DI APPROVE🙏🙏🙏"
Nurul hayatul ramadhani Nurul,5,2023-10-08 12:07:18,Bagus mempermudah transaksi
diyan patimah,5,2023-10-08 09:21:53,"Proses cepat biaya admin murah, BSI semakin mantap"
Ansorie58. Bersatu kita kuat.,4,2023-10-08 07:18:20,Sangat baik
Halalmart Nizam,5,2023-10-08 06:09:27,Assalamu alaikum. saya sudah install BSI dan mau buka rekening. tapi Aplikasi berhenti trus..Mohon solusi
Helda Yosintha,1,2023-10-08 06:04:59,"Mbankingnya jelek, gak bisa liat mutasi debet kredit rek. Cm bisa liat transaksi dan saldo akhir aja. Trus kalo transaksi gagal yg sdg sy alami ini, mau buktiin ke merchantnya gimana kalo saldo sy sdh ke debet. Masa hrs ke bank buat cetak rc/butab?? Benahi lg mbankingnya, bank lain aja bisa, masa ini merger dr banyak bank gak bisa memaksimalkan mbankingnya."
Edi Agusti,5,2023-10-08 05:15:26,Aplikasi ini sangat bermanfaat bagi seluruh pengguna. Karena bisa transaksi melalui banking. Tidak perlu ke Brilink lagi
dewi utami,3,2023-10-08 04:52:20,Saldo mengendap apa maksudnya?
Nur Taufiq,1,2023-10-08 03:37:26,Aplikasi bank yang paling menjengkelkan yang pernah aku gunakan gak bisa bwt verifikasi. Mungkin sih waktu pendaftaran di bank gak lngkp sama pegawainya
Sasinta Bela Nahuri,5,2023-10-08 02:33:21,Kasi banyak jempol si ke BSI👍👍👍👍👍
Erin Septriansyah,5,2023-10-08 01:20:22,Semoga data aman
Yeni Anjani,1,2023-10-08 01:19:43,"Aplikasi sering error request time out, orang butuh mau transaksi cepat malah terhambat karena plikasi yang berkali-kali gak bisa dibuka, aplikasinya diperbaiki lagi bos untuk kenyamanan nasabah, kalo kaya gini terus orang jadi malas pake Rekening BSI."
agus rinaldi official,2,2023-10-07 18:31:45,"Sering banget eror, padahal jaringan bagus"
ukkas genpi,5,2023-10-07 17:16:00,Sangat baik memudah kan segala urusan
Ube Thailook,3,2023-10-07 15:05:22,"Sediakan menu untuk mengganti nomer yang terdaftar dong, kalau harus nelpon harus pakai pulsa setidaknya 30rb. Kalau harus ke kantor cabang tidak sempat karna kerja."
Mega Sir,2,2023-10-07 14:11:47,"Entah kenapa saya sulit banget untuk transfer semenjak update. Setiap memilih tujuan transfer, malah keluar sendiri, huh"
febriawan taufiq,1,2023-10-07 13:04:40,Burik burik
Indra Sugiarto,5,2023-10-07 12:56:37,kode bsi brapa
AJIS VEVO,5,2023-10-07 12:41:07,Good
Adnan Syarif,1,2023-10-07 12:15:10,"Setelah update, malah tidak bisa transaksi karena masalah bug. Mohon di perbaiki sistem aplikasinya"
Abdul Rajab,5,2023-10-07 11:53:57,Sangat membantu
chairuddin samadikun,4,2023-10-07 11:34:50,Tingkatkan lagi aplikasinya
Kakcik Roy,4,2023-10-07 11:30:45,Good
Adi Putra,1,2023-10-07 11:25:46,"Aplikasi sering eror,, tidak bisa transaksi"
Roziq Wahyu,1,2023-10-07 11:23:48,Transfer skn error terus bisanya yg online tapi mahal Bank lain aja bisa
Asep Saipudin,1,2023-10-07 11:22:39,Sering error
"Beno,02 Peransisko",5,2023-10-07 11:21:09,Mantap
Novandi S. Sos. I,3,2023-10-07 11:20:55,Tolonglah BSI mobile di sempurnakan Lagi...kita mau transaksi malah sering eror...permintaan kehabisan waktu terus.jaringan bagus 4G tapi aplikasih BSI mobile malah eror melulu..hadehh
Rika Eka,5,2023-10-07 10:52:24,Aplikasi tidak bisa dibuka
Bohim Baim,1,2023-10-07 10:46:49,Setelah diupdate Mau transfer gagal terus
Satria Putra,2,2023-10-07 10:40:36,"makin kesini makin gabisa apa² susah buat tf , kadang erorr mulu"
Abah Paten6,1,2023-10-07 10:31:08,"App asook babi,,daptar kartu ATM invalid parameter tolen di tampilkan nye sial.. Pun Daan kerje di PT dah ku bakar buku BANK same ATM nye ASOK BABI"
Rania Umu,5,2023-10-07 10:11:45,Memudahkan saya untuk bertransaksi dan pelayanan csnya sangat ramah
Julaikha Lheha,4,2023-10-07 09:26:02,"Assalamualaikum, selamat sore ini kenapa mbanking sya tidak bisa buat transfer..."
Lestari Property,5,2023-10-07 09:12:28,Oke
El MALIKY STUDIOS,1,2023-10-07 09:08:37,WOY!!!! Kenapa setiap nge Klik opsi Transfer langsung otomatis keluar aplikasi!!???
Paisal Wawonii,3,2023-10-07 08:24:56,Aplikasi tertutup sendiri ketika melakukan transfer
Muhammad Syarifullah,1,2023-10-07 07:50:09,Kok tiba2 nge bus utk trf ke bank lain ??
If An,5,2023-10-07 07:32:25,"Aplikasi nya simple dan gampang digunakan,keren !! Bisa transaksi kapan pun dan dimnapu"
Laksmi Banawati,1,2023-10-07 07:25:30,Setelah di update saya malah gk bisa masuk ke menu transfer
3041_Pamadio Raihan,2,2023-10-07 07:22:06,"Kenapa Sekarang Bsi transfer ke bank lain tidak ada menggunakan bi fast? Kenapa hanya ada SKN dan Online yang biaya transfer nya lebih mahal🥲, kecewa sebenarnya"
Ikha Arif,5,2023-10-07 07:02:17,Bagus
Bastian Bast,1,2023-10-07 06:15:52,Menu transfer via BI Fast kok hilang? Kemana jadi nya?
Mutia Tia,5,2023-10-07 04:57:45,Dengan mudah tarik tunai
hakim ibnu muhammad,5,2023-10-07 04:20:21,Mantap pokoknya
Gilang Nur ridwan,1,2023-10-07 04:12:19,aplikasinya gak bisa dibuka..ga bisaa dipencet pencet.. hadeehhhh tolong diperbaikiiii
Bman Zenkom,5,2023-10-07 02:22:56,"Masya Allah tabarakallah kerja jadi lebih mudah, bisa bayar apapun tanpa harus keluar rumah. . Terima kasih atas segalanya semoga berkah."
Ir One,1,2023-10-07 01:23:54,Bug gk bisa transfer
Gun Gun Gunawan,5,2023-10-07 01:19:00,"Bagus banget,sangat membantu sekali"
futra bungsu,1,2023-10-07 00:08:46,Saya deposit 150 knpa di potong tinggal 40ribu saya minta kirim teman 300 masuk 290k minta lagi 210 K yang masuk 190k lah ini mah rampok kapok sy buat rek BSI SMUA HABIS D JLAN
Resty Sri Marswati,4,2023-10-06 23:50:26,"apk nya mudahh, tapi uang selalu ilang 10rb setiap bulann , knpaa ya ? pdhal setiap bulannya juga suka ada potongan 1rb aduhh jdi bingunhh inii"
N I C O F.P.M.,1,2023-10-06 23:35:32,"Kenapa loading pas masuk aplikasinya selalu lama? Pdhl jaringan 4g. Dan kalo Mw transfer sering keluar sendiri tanpa sebab, mohon lebih ditingkatkan lagi."
Edy Tongsol,1,2023-10-06 15:51:18,Krja
Muyya Surya,1,2023-10-06 15:48:23,"Kirim uang ke bca malah di suruh nunggu 24/7 bisa diperpanjang sampe 14 hari kerja, udah lapor ke AISAH MALAH GAK BERGUNA, NAJIS"
isma'il ashab,1,2023-10-06 15:44:40,"ga aplikasi ga atm nya, sering banget error. lagi butuh2nya uang, ambil uang di atm. saldo udh terdebit, eh uang ga kluar, dateng ke teller disuruh tunggu 1-2 minggu. kecewa bgt."
Kaze Kage,5,2023-10-06 14:19:41,Mantap bsi mobile banking 👍🏻
Vian Dra,5,2023-10-06 12:52:04,Memudahkan dalam transaksi pengiriman uang dan pembayaran.
Melsa Sutria,1,2023-10-06 11:50:24,Kenapa aplikasi nya gabisa dibuka ya padahal lagi perlu banget mau buka rekening tolong diperbaiki dong
anwar fatoni,1,2023-10-06 09:43:38,"aneh, masukin pin ga pernah salah tapi kok di blokir pin'nya. giliran telfon customer service katanya pin saya tidak di blokir kan aneh. jadi malas pakai BSI makin kesini dibikin susah"
joko nur sholeh,5,2023-10-06 09:24:38,"gak ribet dan gak makan waktu. cepet dan seneng banget pake aplikasi ini, semoga tambah bermanfaat untuk kehidupan"
Drive Antonius (Andes),1,2023-10-06 09:19:24,Video call aplikasi crash
KUCING LUCU SHOLAWAT,2,2023-10-06 06:12:47,Perasaan bintang iklannya Putri Ariani tapi kenapa banyak icon yang tidak bisa dibaca oleh pembaca layar saya sebenarnya suka dengan aplikasi tapi sayang sekali banyak icon yang tidak terbaca saya sebagai penyandang low vision sangat disayangkan mohon ada update untuk bisa bisa terbaca dengan pembaca layar tolong!!!😢😢
Ucu Khairul,2,2023-10-06 04:03:11,Susah banget buat aktivasi yaa
Irwandi,5,2023-10-06 03:19:39,App ini sangat bagus
Annisa Oktavera PAI-3,2,2023-10-05 23:54:04,"Udh d update, udah di restart ulang hp, udah d bersihin sampahnya, tp ttp aja error. Mengapa msh error, bahkan smpek berhari""?"
Seri Kandi,3,2023-10-05 23:14:24,Susah di buka selalu kehabisan waktu setiap buka aplikasi nya
syafik speed,1,2023-10-05 16:58:47,buat verifikasi aja susah bener anjccc
Ira Astuti,5,2023-10-05 15:49:04,Sangat cepat dalam memberikan informasi
Abdullah Cutayah,5,2023-10-05 15:23:59,Aplikasi mobile yang mudah dan terpercaya.
yusran 79,5,2023-10-05 15:10:21,Aman
US ABDUL MALIK HABE,4,2023-10-05 15:03:14,Praktis dan menggembirakan...
Cooking with Yaya,5,2023-10-05 14:58:19,Sangat membantu utk cek saldo dan transfer
Pinang Betara,5,2023-10-05 14:00:23,Sempurna
Raisha Adinda,1,2023-10-05 13:02:49,Gak bisa di buka
Baihaqqi,5,2023-10-05 11:15:34,Mantap
Amy Fahmi,5,2023-10-05 10:34:47,Sangat membantu very good
Aisyah Deaisyah,5,2023-10-05 10:12:00,Keren dan ok
Ida Sape,5,2023-10-05 10:03:32,Mantap
fitri rheviani3,1,2023-10-05 08:34:49,"Aplikasinya time out terus, gabisa di buka sekalinya mau pake rekening bsi malah gabisa terus di buka, jadinya males nih kaya gini. Tolong di perbaiki dong aplikasinya biar nasabahnya gampang buat akses aplikasinya Kirain masalahnya karena blm di upgrade udah nyoba di uninstal dlu di instal lagi ttp ajh masih gabisa... Sudah dari seminggu lalu time out terus masa kendalanya di jaringan data terus padahal bagus² ajh ni data saya kalo buka apk lain, tapi klo buka bsi mobile gabisa terus.."
Park Engineer,5,2023-10-05 08:26:01,SANGAT BAIK
M Zubir,3,2023-10-05 06:54:18,"Tolong ditingkatkan lagi, supaya bisa kita masuk ke menu, kdang2 eror waktu kita masuk ke menunya,"
Mayang Sari,3,2023-10-05 06:41:24,mau transfer atau top-up sering kali nggak bisa. kalo darurat agak bingung ya mau gimana. semoga ada solusi secepatnya ya
Radja Lingga,2,2023-10-05 06:34:10,"Layanan chat Aisyah bikin malu Aisyah yg lainnya. Lemot, matikan teks detection nya bos! Biar lancar kami ngetiknya."
Toni afandi,5,2023-10-05 04:50:54,😇
Yogi Rismawan,5,2023-10-05 03:48:57,"Transaksi Amanah, Aman, dan mudah"
Asti yani,1,2023-10-05 03:26:54,"BSI ribettttttttttttt,mauu buat ATM baru,karena ATM yg lama hilang,harus minta surat kehilangan,beda memang sama BCA paling mundah dan gampang"
BOB Sandi,3,2023-10-05 01:11:40,Tgl mulai kerja sudah terpilih benar tp ttp ada tanda salah. Jadi gak bisa lanjut pendaftaran
Ripal Ripaldi,5,2023-10-04 17:14:54,Pokoknya mudah di sini
Irvan Hungkul,5,2023-10-04 14:39:36,"Bagus, perkembangan nya sangat cepat, ga susah nyari atm nya tiba2 banyak aja, Kendala kartu atm tertelan dan tarik tunai uang tidak keluar tapi saldo ter debet bisa melakukan pengaduan langsung di bsi mobile, proses nya juga cepat uang saya kembali"
Rafli Dwi Darmawan,4,2023-10-04 14:10:53,"Bagus, tapi kenapa qris nya tidak bisa ya?"
Abdur Rahim Him (Abdur Rahim),1,2023-10-04 13:29:42,"BSI sering susah tarik tunai di ATM karena ATM-nya sering bermasalah & jaringan internetnya sering gangguan. Bahkan setelah heboh ada serangan siber pun sistemnya masih saja sering eror. Contohnya saat saya ingin aktifkan kartu debit yg sudah lama tidak digunakan, kata CS-nya nomor kartu tsb tidak terdaftar atas nama siapapun. Padahal jelas tertulis BSI & valid sampai tahun 2025. Mending pindah ke Bank Jago Syariah atau Aladin Syariah yg kartu & smua transaksinya bebas biaya + dapat imbal hasil."
Shella Rais,5,2023-10-04 13:00:54,Bagus
ahmad hafidz,1,2023-10-04 11:59:35,Sering eror
Bina Busana,5,2023-10-04 11:44:55,Sangat bagus dan sangat bermanfaat
Hamster Jie,1,2023-10-04 11:37:00,"Gak jelas banget, pin bsi mobile udah bener tapi di aplikasi error dan jadi terblokir. Giliran coba login ulang pake pin yang sama bisa aja, pas mau dipake transaksi pin terblokir suruh menghubungi pihak bsi"
Arip Hendrawan,1,2023-10-04 11:18:59,"Ko punya ana tiap mau transfer keteranganya gitu terus Maaf,anda tidak memiliki no rekening yang di butuhkan untuk fitur ini Ini kenapa...?"
Ruuxa Middle,1,2023-10-04 09:50:05,"Ini aplikasi bisa buat aktivasi ga sih?, heran bikin aplikasi tapi sama nomer reg sendiri ga kebaca blog bgt sih, kloga biss bikin aplikasi tuh nanya."
Mokhamat Toriq A Toriq,1,2023-10-04 08:40:17,"Tidak bisa memasukan pin baru padahal smua sudah sesuai prosedur Selalu permintaan gagal dibterima pdahal sudah coba berkali"" hasilhya ttep sama tidak bisa di terima"
Najwa sihab Sihab,5,2023-10-04 08:21:13,Muantap bgt
Julyanto Anto,5,2023-10-04 07:52:22,"Sangat membantu sekali dengan adanya BSI Mobile, sukses terus BSI dalam menebar kebaikan"
Teguh Dwi P,5,2023-10-04 07:50:26,BSI Mobile sangat membantu makaci
Ibnu Affanz (anak buruh tani),5,2023-10-04 07:42:12,Sejauh ini tidak ada kendala. Hanya waktu trouble nasional aja.
Jeng naby1,5,2023-10-04 07:33:16,Baik
Shalli Ahdiasti,1,2023-10-04 07:26:50,Masa hrs ganti hp buat bisa gunakan mobile bankingnya?? Nyusahin banget bsi ni👎👎👎
Muzzammil Muzammil,5,2023-10-04 06:25:57,Sangat memudahkan dalam bertransaksi
Rosyid Diysor,5,2023-10-04 05:28:13,Sangat mudah di gunakan.bagus
Yofy Nurdiansyach,5,2023-10-04 04:55:23,Lebih lengkap menunya dan Top aplikasi Mobile Banking
-,5,2023-10-04 03:06:16,🏃🎟
Riski Ananda,5,2023-10-04 03:04:39,mantap
tumira alfiyah,5,2023-10-04 02:25:51,Sangat terbantukan
Juniadi,1,2023-10-04 01:33:04,"Aduh.. Kok rumit kayak gini bsi, mau liat saldo susah, harus masuk pakai pin, udah gitu bahasa2nya ribet pula, ayolah bsi dibikin simpel aplikasinya"
Rensi Aminah,1,2023-10-04 01:31:10,Login ke rekening yang sudah di buat sangat sulit.. Terutama saat verifikasi wajah sering gagal.. Da walaupun sudah melakukan video call tetap saja tidak bisa login.. Muncul perintah buat rekening/masuk ke akun.. Gitu tolong di perbaiki dong..
Rabi'atul 'Adawiyah,5,2023-10-03 23:09:15,Mantap aktivasi sekarang jadi mudah. Terus berkembang BSI terimaksih banyak 😉
Aasdal Putra,3,2023-10-03 14:01:46,Manatap
Helmi Utama,3,2023-10-03 13:50:56,Mqntap
Yans Faijo,4,2023-10-03 13:04:34,jangan banyak gangguan lgi ya bsi
Aprilianto,4,2023-10-03 12:40:12,Mantap
Nayaka,5,2023-10-03 12:38:50,Mantap
Diki Dinata,5,2023-10-03 12:09:56,"Bagus aplikasinya, nyaman dan aman"
Pengguna Google,5,2023-10-03 09:57:21,Mantaap. Aplikasinya muda di pahami_ terimkasih BSI
Abdulloh Ma,1,2023-10-03 08:35:28,Loading bosq
Roffy dagul,1,2023-10-03 07:42:12,Sangat tidak puas dengan pihak bsi...selesai vc malah gk ada sms aktivasi...sampai 3 kali aku coba
Dikky Wahyuddin,4,2023-10-03 07:41:06,Tolong untuk kemudahan membuka aplikasi nya min. Sering sekali tidak bisa di buka aplikasi nya. Selalu error
Bayu Pandu fisabilillah,1,2023-10-03 06:22:06,"Sangat buruk,pelayan nya lambat bsi mobile sering eror,saldo tertahan tidak jelas. Seminggu lebih saldo gak balik2"
Nadya Dani,5,2023-10-03 05:01:31,Mantap
Yasin Yusuf Fitriyanto,5,2023-10-03 03:49:25,alhamdulillaah amanah syariah
Ach. Totok Suhada,5,2023-10-03 03:46:27,Semoga selalu dpt membantu dlm transaksi
isiReferal: PAN⓿❶❷❷⓿⓿ Cpt Acc Dpt Bnus jg,2,2023-10-03 03:35:05,"Setelah update di versi terbaru ini, aplikasi malah tidak akses dengan pembaca layar. Yang tadinya menu-menu masih bisa terbaca, sekarang malah jadi angka-angka nggak jelas. Tolog untuk pengembang BSI, selain grafik yang mesti dipercantik, jangan lupa kalian harus tetap mempertimbangkan aksesibilitalitas pembaca layar"
suharti subhan,5,2023-10-03 01:02:24,Ok
Yusroni Badrun,5,2023-10-02 23:37:13,Stabil
Turyanto,5,2023-10-02 23:22:16,Tolong disediakan tutorial cara membuka rekening baru yang update. Kalau di luar negeri apakah bisa membuat rekening baru ?
Refa Lina,1,2023-10-02 16:35:27,"Gaush Download ni apk ga ada guna, pas kita buka rekening mala bilang eror jaringaan"
Cak Lee,1,2023-10-02 14:43:52,Di pakek gk bisa di uninstall juga gk bisa.. Bikin lemot hp aja
Syarfani Akbar,1,2023-10-02 14:26:42,"Aplikasi sering error request time out, orang butuh mau transaksi cepat malah terhambat karena aplikasi yang berkali-kali gak bisa dibuka, aplikasinya diperbaiki lagi bos untuk kenyamanan nasabah, kalo kaya gini terus orang jadi malas pake Rekening BSI."
iman sefiyan,1,2023-10-02 14:09:05,aneh mau di unistall gk mau ilang
Dewi Nafi,1,2023-10-02 13:20:39,"mw tanya ini beneran bank BSI resmi apa cuma settingan ya? Buat nipu orang aja? Biaya awal da aq bayar 300rb, trus ada masalah karna ganti rekening suruh tf lagi 1750rb mw gk mau demi bisa pencairan sya carikan pinjaman sampai gadaikan speda Katanya suruh nunggu, tk tunggu sampek besoknya tetep gk bisa penarikan karna alasan yg gk jelas trus suruh tf lagi 2500rb Sebenere ini bisa minjemin dana gk sih, kk suruh kirim uang trus""an tpi gk cair"""
Dahlan Yusuf,4,2023-10-02 12:46:12,Ok
Afni fitriani Nur,1,2023-10-02 09:50:33,"Kurang ajari bisa""nya saldo saya hilang 500,000 di rekening ini. Silahkan makan uang haram 500 itu. Applk SYARIAH KIMAK"
lily suryani Pohan,2,2023-10-02 08:21:38,Susah mendownload nya
RYO ROSANDHY MASHEZA,1,2023-10-02 07:10:20,"permudah aktivasi ulang jika nasabah ganti HP, re-install aplikasi, pin terblokir.. shg ga perlu dtg ke CS, simpel, mudah, ga bikin repot, hemat, lebih rendah polusi udara (tanpa dtg ke bank) bersama aplikasi m-banking BSI"
Ari Kusmaidi,1,2023-10-02 04:53:34,Jelek amat. Kode capcha 100 x coba tdk berhasil... udh berhasil. Hbis isi data dan foto ktp. Langsung aktifasi yg harus isi rekening. Padahal blum rekening udh dapat. Aplikasinya eror apa org didlmnya juga eror.
Karto Marmo2,1,2023-10-02 04:23:53,Ternyata belum bisa buka rekening lewat online
Luna Nuranisa Zakiah,3,2023-10-02 04:13:23,Saat ini bsi bermasalah bagi hp saya jadi saya beri bintang 3. Terima kasih
kagajep bry,1,2023-10-02 03:13:26,jelek
Rahmat Munawar,1,2023-10-02 00:29:02,tidak bisa scan wwajah
U M E *,2,2023-10-01 22:39:31,"Bangkee man ,Masakk Salahh Mulu pin pdhl udh masukin. yg benar ,malahh jadinya Keblokirkan pin 😶😤😤,GAK JELAS BENERRR"
Titi Cell,1,2023-10-01 21:51:39,Sistem BSI bikin GK nyaman Setiap store tunai selalu nyangku uang Dalam satu bulan 10 kali ke bank urus laporan Uang yg pas Pasan mending GK usah pakek bank BSI yang ada nyangkut uang urusnya ribet Untuk =BSI yang terhormat Tolong di perbaiki lagi sistemnya Sudah banyak yang komplain soal store tunai uang nyangkut Kami selaku pengguna BSI GK nyaman kalo uang selalu tersangku sangkut Sekian terima kasih
Wisnu Adhi,5,2023-10-01 14:20:33,mantap
eko setyawan,1,2023-10-01 12:32:02,"Aplikasi tidak frendly,sudah aktifasi ,mau login disuruh aktifasi lagi ,login 5 kali aktifasi 5 kali ,mohon di perhatikan dan di perbaiki"
Desty Aryani,1,2023-10-01 12:29:14,Ini mau verifikasi wajah kenapa ga bisa si. Item semua mulu bagian lingkaran wajahnya. Bikin males aja
Andhy Andhysuwandi,5,2023-10-01 11:59:51,Sangat bermanfaat
Suci Sari,4,2023-10-01 06:27:53,"Saya hesty kartika, dari dulu sampai sekarang dan saat ini bisa dibilang saya tetap nyaman dan setia menggunakan bank BSI ini, bayangkan aja dari tahun 2019 sampai 2023 ini sudah empat tahun saya menggunakan bank BSI ini masih tetap nyaman dan setiap, yang paling aku suka dari bank BSI ini adalah: Ketika kita nabung disini, kita gak dikenakan biaya admin bulanan dari bank BSI ini. Dan ketika mendaftar nanti, jangan lupa tulis -P A N 01 22 00- ini biar akunmu terverifikasi ya."
Agil Akbar,3,2023-10-01 04:15:58,"Bintang 3 dulu, karena QRIS saya tidak bisa dipakai. Mohon tanggung jawabnya"
Muhammad Yunus,1,2023-10-01 04:02:13,"Aplikasi macam apa ini, kita disuruh instal ulang, setelah diinstal malah gak bisa buka"
Imam Muttaqin,1,2023-10-01 00:17:24,"beli pulsa. saldo udah kepotong, kok pulsa gk bisa masuk...?? gimana nih....?"
akmal sangfarm,1,2023-09-30 19:31:54,"Saya ubah penilaian saya karena ini sudah melnceng jauh dari syariah ,kemaren saya menutup pinjaman untuk mengajukan pinjaman baru eh waktu tanda tangan akad dipaksa ambil cicilan emas,👍🏼👍🏼"
Abu Azzam,2,2023-09-30 14:55:43,"KENAPA SERING CRASH! DAN BUGNYA LUAR BIASA, MENGELOLA UANG UMMAT ITU BUTUH AMAN DAN NYAMAN, BUKAN HANYA UNTUNG SEMATA UNTUK BANK, INGAT SETIAP KEKECEWAAN KASTAMER YG TIDAK DITINDAKLANJUTI AKAN ANDA PERTANGGUNGJAWABKAN!! BIKIN DONG APLIKASI YG PROFESIONAL DAN AMAN!!"
Abdul Fatah,5,2023-09-30 14:49:07,Kemudahan banget
dewi sriana,5,2023-09-30 13:49:32,Oke....!
putri dita,1,2023-09-30 11:42:40,"Apaan nih. Makin lama maakin aneh ini app.. buat pembayaran pdam biasanya lancar, ini eror² terus. Diupdate malah banyak yg gabisa kebaca"
A Idris AL Ikhsan,1,2023-09-30 11:17:53,Gagal Transfer. Saldo ke ambil tp tidak di balikan lagi
Nur udin,5,2023-09-30 11:11:20,Bagus
Hendi Afresia Reza,1,2023-09-30 11:10:00,"Setiap aktivasi harus masukan no rekening, sementara kita gak dikasih tau no rekeningnya"
denny safrizaltv,5,2023-09-30 10:22:53,Kenapa ya saat mau transfer sangat susah gagal terus tolong jgn d batasi waktu karena kita urgent susah harus ke gerai ATM lain
3871 Ari,1,2023-09-30 10:20:41,"Menu CARE Rekan Aisyah tidak membantu, saya ketik masalah saya, disuruh pilih sambungkan ke CS, saya klik, dijawab sudah terhubung dengan rekan Aisyah. Saya ketik masalah saya, disuruh pilih sambungkan ke CS, lalu dijawab lagi sudah terhubung dengan rekan Aisyah. Saya ketik masalah saya, kembali disuruh pilih sambungkan ke CS, dan dijawab lagi sudah terhubung dengan rekan Aisyah. Saya ketik masalah saya lagi, dan kembali disuruh pilih sambungkan ke CS, muter aja terus kayak gitu"
Aubameyang Origins,1,2023-09-30 08:19:21,"UI nya ribet!! Cek nomor rekening aja harus tap tap menu. Ditampilkan dihalaman depan kan bisa? Gak bisa di copy-paste lagi KOCAK. Orang lagi butuh norek buat transfer masa harus ngetik dulu. Bank yang lain udah tinggal copy-paste aja biar gampang, tampilkan dimuka. Ini yang bikin UI nya siapa sih? Anak SMK ya? Wkwkkkk"
Feri Rsw official,1,2023-09-30 08:05:14,"buruk,sering eror, perbaiki sistem nya"
Tri Munawir,2,2023-09-30 07:56:13,"Sekarang knpa gak ada pilihan bank BCA, yg ada BCA Syariah & BCA digital..?"
Abu Zain,1,2023-09-30 07:51:58,"Semua Rek Favorit hilang semua,mau tf malah harus isi dari pertama lagi,aplikasinya buruk,gx guna"
Al insan,2,2023-09-30 05:40:21,Sy sudah daftar diaplikasi sesuai prosedur tkutx disalahgunakan tinggal buka rekening tp tdk bisa tembus katax bisa VC tp tdk bisa
Aris Gunawan,5,2023-09-30 05:32:49,Baik
rifky 1230,1,2023-09-30 05:18:51,Setelah update pas buka aplikasi waktu time out mulu
Risma Layanti,3,2023-09-30 05:04:32,Kenapa pada saat transaksi aplikasi nya selalu keluar yah
Ratih Hanny,3,2023-09-30 03:54:28,"Saya tadi malam transfer melalu bsi mobile ke bank lain,tapi sampai sekarang uang pun belum masuk ke rekening penerima, bagaimana ya kok bisa begini, disini saldo saya sudah terpotong"
Ahmad Bazhir,2,2023-09-30 02:45:59,"Mode pembayaran QRIS di versi terbaru, , tidak bisa di akses ... jadi apa gunanya ada fitur QRIS"
Yudies Yudies,5,2023-09-30 00:49:10,punya bsi mobile mempermudah urusan kita
Muhammad Rizky Ramadhan,4,2023-09-30 00:14:57,"Tidak bisa memasuki aplikasi ini gimana, padahal saya sudah punya rekeningnya."
Aceng Cucu,4,2023-09-29 23:24:17,Mantap
Ujang A Fatah,5,2023-09-29 23:04:48,Kanapa BSI OTO tidak ada motor merk honda
Adel Seskia,2,2023-09-29 22:31:03,"Gk tau knp gk bisa login, pulsa udah ada tp ttp gk bisa login. Gk paham lagi deh udah tau bolak balik ke kantor cabang itu butuh wktu, saran ke cs pun gk ada solusi"
Muhammad Noviannur,1,2023-09-29 16:49:32,"Aplikasi buruk, sistem pun sama, selalu gangguan ini bank,, tidak rekomendasi !!!"
Syahri Ramadhani,5,2023-09-29 15:58:20,Mantap
Ratnawan Lukito,5,2023-09-29 14:46:45,Cepat dan akurat
Elvisa Putri,4,2023-09-29 13:30:15,"Transfer uang ke bank lain, transaksi gagal tapi saldo berkurang. Parah banget sih. Kalau bank lain biasanya kalau transaksi gagal uang kita ga dipotong. Ini BSI kok gini sih? Saya lapor lewat layanan chat disuruh ke kantor cabang. Bikin ribet aja. Tinggal balikin aja duit saya apa susahnya."
Toni Azhora,1,2023-09-29 12:34:33,Makin lelet keluar terus kalo sudah mau transfer uang
Mutiara The jahra,2,2023-09-29 12:33:36,"TGL 29/09/23 JAM 17:39 SAYA TRANSFER UANG 2 JUTA KE REKENING BANK BCA, TRANSAKSI SUKSES TAPI UANG NYA BLM MASUK. TOLONG KEMBALIKAN UANG SAYA"
sufendri fens,5,2023-09-29 12:27:15,Masih ok...
Roma Yantiifairy,1,2023-09-29 08:55:45,Hanya Pihak bsi yang bisa di hack akunnya. Buruk banget
Aku Aja,5,2023-09-29 07:32:34,Mantap
Mahmudi,1,2023-09-29 04:41:05,Transaksi tertahan pelayanan kek taik
Sholeh Leh,5,2023-09-29 04:24:30,Bagus Sekali
Budi angkat Budi angkat,4,2023-09-29 03:58:53,Ok
M Masih,1,2023-09-28 22:49:47,"Bagaimana ini?. Tarik tunai dimesin atm uang tidak keluar, sudah pengaduan tapi uang tetap tidak kembali. Sudah 2x begitu dan 2x juga uang saya tidak kembali"
Wanda Abdul Ali,1,2023-09-28 16:03:33,"Padahal sudah mengisi semua kolom pendaftaran tapi gk ada kemajuan dalam verifikasi,dari siang kemarin sampai sekarang masih dibilang ""data sedang dalam proses verifikasi"" ,kecewa sama pelayanannya"
amri tanjung,5,2023-09-28 15:43:39,terimakasih sudah memberikan kemudahan memindahkan bsi mobile ke hp baru. tanpa pulsa pula
Khoirul_xii tkj1,1,2023-09-28 14:24:19,"Ini kenapa SII bsi skrg log-in nya jadi ribet sumpah dah, gua kira di update tuh jadi makin bagus ternyata ga sesuai sama harapan. Ayolah kalo mau buat sistem Jdi bagus ga gitu caranya."
ABRAR,5,2023-09-28 12:52:19,Mantap
Arif Kurniawan,1,2023-09-28 12:16:21,"Apk sampah, susah dibuka"
SOF7z,2,2023-09-28 11:47:51,Aplikasi scan wajah perlu di perbaiki itu sangat merepotkan
Wulan Cy,1,2023-09-28 11:24:18,"Aplikasi nya ndak bisa di buka di hp saya,di hp redmi not 9, gimana cara agar bisa di buka dn di gunakan. Baik ka nnti saya akan ke kantor bank BSI yg terdekat dn masalah sinyal insyaallah stabil ka"
Grand max,1,2023-09-28 11:11:06,"Mau di uninstal kagak bisa"" 🤣🤣ni apk apaan gak jadi instal mau di hapus kok susah amat 🤣"
Ade purnomo Sigit,5,2023-09-28 10:51:28,Terpercaya
Yusrian Djaya,4,2023-09-28 08:54:37,Good
a'an,4,2023-09-28 08:53:41,"Assalamualaikum min, mau nnyak nih. Kan saya sudah daftar rekening BSI dan juga sudah daftar di aplikasi BSI mobile , ketepatan hp saya rusak, jdi saya install lagi BSI nya lalu saya masukkan , kok disuru aktivasi lagi"
Rahmat Ridoh,5,2023-09-28 08:45:44,Ok
status wa,5,2023-09-28 07:37:43,Takbir
Pelayanan_Al,1,2023-09-28 05:05:42,"Terlalu ribet cuma periksa saldo aja harus pake pin apa-apa harus pakai pin alhasil lupa masukan pin jadi keblokir, ini sama saja di persulit, ngga seperti aplikasi biru yang mempermudah usernya"
Indo Brader,1,2023-09-28 04:52:53,Beda before & after. BSI cab. Martapura Oku Timur melayani nasabah kayak pengemis. Mending berkas saya cabut & pinjem modal di bank lain aja.
Jamm Jr,1,2023-09-28 04:24:28,"Aplikasi meminta kontrol perangkat untuk mengenskripsi data, mengizinkan untuk menghapus data tanpa perlu minta izin."
Mohammad Khairuddin,5,2023-09-28 02:42:19,Lancar dan baik sekali
Abdul Farid,4,2023-09-27 22:17:24,perbanyak ATM SETOR TUNAI
L Hakim II,2,2023-09-27 18:42:03,Masa tiap kali mau transfer uang ke bank BCA selalu error?? padahal transfer ke bank lain bisa...
Kahfi Kahfi,1,2023-09-27 15:06:42,ATM sering maintanance mengecewakan
Sarna Warna,1,2023-09-27 12:43:43,"Saya lupa kata sandi, katanya harus dihapus lalu instal ulang, udah coba dihapus nggak bisa, dinonaktifkan juga nggak bisa,"
Toharudin,5,2023-09-27 11:14:42,Mantab aplikasinya
Roni Firmansyah,5,2023-09-27 10:23:39,"Aplikasi Bsi mantap bisa activasi langsung di rumah & gak ribet , semoga jaya selalu BSI ...."
Kang Ono,1,2023-09-27 04:58:43,Aplikasi nya gk bisa di uninstall
Mahmul Aznil,2,2023-09-27 04:31:00,"Aplikasi selalu force close, padahal sudah di versi yang terbaru, dan android sudah di versi android 9"
Ana Agustina,1,2023-09-27 03:58:17,Ini kenapa hari ini ga bisa buat transaksi?
Fathur Rohman,1,2023-09-27 03:02:02,"Saya isi saldo 50k, di mutasi ada keterangan, tapi cek saldo nol terus"
Aprilia Zahwa Chairunisa,1,2023-09-26 23:48:44,Kok lama verifikasi nya min
Wing,5,2023-09-26 23:33:23,Terimakasih pihak dari BSI mobile Langsung menanggapi masalah secara cepat
hermawan aji (Abu Daffa' Bantul Jogja),5,2023-09-26 17:24:07,masya Alloh siipp
Zam Roni,5,2023-09-26 17:02:08,Sudah mulai diperbaiki... Walau masih ada juga yang macet...
Ibnu Hidayat,1,2023-09-26 14:54:30,GANGUAN TEROSSSSSSSSSSSSSSSSS
Dita Safira,5,2023-09-26 14:08:54,Sangat canggih dan praktiss
Emma Zeah,5,2023-09-26 12:36:37,"memudahkan untuk bertransaksi, jarang troble"
Sujono,3,2023-09-26 11:54:42,Payah
Senja Kala itu,3,2023-09-26 11:22:29,"Tidak bisa menarik saldo 50k . Agak ngeselin ,gk kyk kompetitor yg lain bisa narik 50k."
ragialdi bima ichsan aldi,1,2023-09-26 11:07:17,"Kalau di aceh masih ada BNI atau BRI sumpah, gak bakal minat gua pakai ini BANK beserta aplikasinya😂. Memang paok kali ni akal2an pemerintah aceh yg maksa BRI, dkk cabut, jd mau gak mau harus ngadapin buruknya pelayanan BSI ini"
Rhenny D,5,2023-09-26 11:03:00,Cepat dan mudah operasionalnya
Pekhmata Muda,3,2023-09-26 10:27:32,"Tidak bisa masuk aplikasi, walaupun sudah di update aplikasinya. Klik aplikasi ga lama keluar nutup dengan sendirinya aplikasinya."
nanda safitri,1,2023-09-26 10:20:59,menu finpay kenapa gk ada di e wallet bsi mobile y kak. saya mau toup Finpay Digipos g bisa dr bsi mobile.
fikhra azmi,5,2023-09-26 09:17:43,Kenapa proses verifikasi sangat lama
HAMZAH,5,2023-09-26 08:46:56,"BSI Mobile: Banyak Manfaatnya, Insya Allah Berkah, & Sukses selalu."
Bsm Unair,5,2023-09-26 08:46:52,Simple tampilannya
andi baly,5,2023-09-26 08:12:39,N ?.
Ivanie Vie,2,2023-09-26 07:59:17,Kenapa app nya gak bisa dbuka ya??
Wijaya Putra,5,2023-09-26 07:16:52,Kenapa TDK bisa di download
Agung aris Mustofa,1,2023-09-26 07:08:28,"Buruk sekali, bisa²nya uang 50 yg di TF mau di tarik gara bank sebelah lagi offline ATM ya kepotong jadi 48 sekian malah uang satu¹nya lagi mau di tarik GK bisa untung Masi bisa di tarik ke bank lain, rekomendasi bank yg GK banyak bermasalah, BNI, BRI, mandiri, atau brk?"
Kang Poer,5,2023-09-26 05:32:09,mantap men
Desi Dwi Jayanti,5,2023-09-26 05:07:22,"Alhamdulillah Pake BSI dah kembali lancar lagi, trnsaksi aman dan mudah gak pake ribet.. Mantab"
teuku indra,1,2023-09-26 04:58:41,Saldo tiap hari kekuras BSI buruk baru seminggu pake BSI udah banyak masalah .. teruttama pemotongan sanasini .. emg ngak gede .. tp lama kelamaan lumayan juga .. perhari 500rupian Cek ulang mutasi anda
Wijaksono 18,1,2023-09-26 03:43:31,"Verifikasi wajah g bisa, kalo nyusahin nasabah hilangin aja"
zul karnaen,1,2023-09-26 02:55:44,berkali kali tidak bisa verigikasi mobile banking
Elieser Wettebosi,4,2023-09-26 01:27:59,Sangat membantu kita sebagai nasabah dalam mengakses dana dengan tingkat bunga yg lebih rendah
Mas Suyamta,5,2023-09-26 01:18:03,Sangat baik
Pante Peusangan,5,2023-09-26 00:44:28,Pelayanan nya sangat menyenangkan..tetaplah menjadi bagian dari keluarga masyarakat Indonesia
Adhitya Himawan,5,2023-09-25 23:48:18,Oke
Ray Ardi,3,2023-09-25 19:08:48,"Maaf, saya transfer ke bank mandiri, ga cek saldo dulu. Beberapa menit, yg di transfer bilang blm diterima, tapi riwayat ada. Saya coba cek saldo, terus transfer lagi, terus cek lagi, ternyata kepotong. Nah yg pertama saya ga tau kepotong atau ga. Tolong selain cek saldo real time, Adain juga cek saldo berdasarkan waktu. Karena termasuk sering BSI ke mandiri kasus yg begini.."
tc ammar,1,2023-09-25 15:58:10,Gak jelas ni aplikasi
Asep Junaedi,4,2023-09-25 13:05:59,Bagus
Vera Tindaon,5,2023-09-25 12:55:36,Lupa pasword min gmn cara mengatasinya
Mir Fanda,5,2023-09-25 12:47:32,Misal lupa input pun Bsi di mobile gmn caranya ya agar bisa buat input pin baru
Bisnis Endorse,1,2023-09-25 11:51:12,Sering gagal transfer. Tetapi sqldo sudah terpotong. Namun blm terkim. Sudah bikin laporan ke BSI & tlfn ke cel center. Namun terlalu lama uang kembali. Uang besar saya merasa kecewa di rugikan. Padahal uang buat cicilan
Om Ding,5,2023-09-25 11:46:06,SelamT
Gohek Boyza,2,2023-09-25 11:36:28,Ko jadi gak bisa di buka
Juliyanto Anan,5,2023-09-25 11:14:12,"Mau tanyaa kok banyak banget biaya pemindah bukuan e banking yaa buat apaa 1 bulan bisa lebih dari 5*,terimakasih"
Bupfonz,1,2023-09-25 10:20:12,Habis update aplikasi malah jd force close ga bs d buka Mohon fix nya
Darma Irawan,1,2023-09-25 09:52:40,"Parah sering banget error, padahal lg butuh butuhnya buat transaksi"
animasi belajar anak,1,2023-09-25 09:17:48,BSI Bank 🏦 paling lambat didunia
Iqbal Muhammad,1,2023-09-25 08:35:14,"BSI ""Bank terburuk di Indonesia"""
Dzulidah Nurafifah,2,2023-09-25 07:04:04,Sangat sering error
bobby kamajaya,3,2023-09-25 06:53:57,"Setelah error kmren tidak bisa tansfer beda bank yaitu BCA menggunakan BI FAST apa sudah putus perjanjian, tidak ada bank bca kode 004 untuk transfer beda bank terutama bi fast layanan"
Abidzar elbazh,4,2023-09-25 06:48:59,Suka eror
Najma Aulia Fitri,1,2023-09-25 06:14:37,"WOYYYY APP NY SERING NGE BUG PDAHAL UDAH AK UPDATE, TOLONG PERBAIKI SEGERA!! SAYA JADI TIDAK BISA MEN TF UANG!!!!"
Dafid Sputra,5,2023-09-25 04:58:03,Mantap
Algisna Suciara,1,2023-09-25 03:50:26,Sumpah sih BSI makin kesini makin buruk. Gaji dari perusahaan belum masuk. Padahal dari perusahaan sudah follow up ke pihak Bank nya. Respon nya lama.
Suratman Sahid,5,2023-09-24 23:31:57,Membantu
Fransiska Valentina Astalia,1,2023-09-24 22:58:22,Aplikasinya cacat.. Parah.. Susah aktivasi.. Tombol keypad susah ditekan.. Padahal semua aplikasi di handphone lancar saja.. Hanya aplikasi BSI Mobile yg error parah.. Developer tlong dibenarin aplikasinya ya.. Agar user tdk kesulitan.. Spertinya useless gni aplikasinya..
nurul nasihah,1,2023-09-24 22:09:24,gak bisa dipakai di android 11
Jimmy Syuhada,1,2023-09-24 18:45:48,Sering terjadi jaringan
hesti rusminingsih,1,2023-09-24 09:58:03,"Aplikasi paling buruk, suka error, nggak bisa aktivasi wajah, suruh mangap-mangap mulu udah kayak ikan piranha gw masih aja belom bisa. TOLONG PERBAIKI LAGI KEDEPANNYA!!!!"
rafid shidqi,1,2023-09-24 08:32:21,",tarik tunai, uang ga keluar tapi saldo terpotong, gimana masyarakat aceh mau maju kalo bank yang di pake bsi malah sering error lagi"
Ariez Susanto,1,2023-09-24 07:35:56,"Satu aja dulu ..berkali"" aktivasi bsi mobile gk bsa dg akun dn org yg sama"
Ahmad Mufidun,5,2023-09-24 04:17:28,Aman
Firman Inhu,1,2023-09-24 02:28:06,"Ini apk super aneh sumpah., Mau aktivasi rekening di minta ngisi nomor hp., Giliran isi nomor hp, kode otp gak masuk masuk. Di ulang sampe 20 kali, ga ada juga kode otp yg masuk. Maunya apa sih.. ga jelas. Bagusnya di uninstal aja ni apk."
Bilqis Alasyifa,1,2023-09-23 18:05:13,Jangan mau pakai aplikasi ini jika anda tidak mau rugi.. kecewa pelayanan jelak
Lio Ardian,1,2023-09-23 18:01:56,pelayanannya jelek tidak seperti bank tetangga tidak ad ngendap saldo
Achmad Santoso,2,2023-09-23 12:51:06,kenapa saya tidak bisa aktivasi kartu atm
Siti nurrohmah,5,2023-09-23 12:23:39,"Ulasannya saya ubah, karena bsi udah stabil lagi. semoga kedepannya dijauhkan kendala semakin banyak peminat BSI"
Ana Alfaaa,5,2023-09-23 10:46:40,Alhamdllh...
RIswanda Wanda,1,2023-09-23 08:47:26,Bank Aneh Tiap Bulan Ada masalah
Galakxy A33,4,2023-09-23 05:51:45,belum di coba pskai m mobilnya
Ahmad Zuhri,5,2023-09-23 00:05:12,Ok
Aina Real,2,2023-09-22 23:36:46,"Aplikasi lemot, eror tidak bisa d gunakan sayng banget padahl fiturnya lengkap:("
Dheena Poetrie,1,2023-09-22 15:29:23,Ga bisa login.... Ga TW apa penyebabnya
Ashary Alfatih,5,2023-09-22 13:44:52,Mantap
Devi Susana,1,2023-09-22 11:26:00,"Gak bisa di buka aplikasinya, gangguan terus"
Irvan Zakaria,5,2023-09-22 09:23:27,Alhamdulillah
Abdullah Noto,3,2023-09-22 06:16:27,"Sa'at aktifasi ulang, sebab ganti Hp, verifikasi wajah sangat susah"
dwi kartika sari,2,2023-09-22 05:32:29,Aplikasi selalu trouble sampe akhirnya pin ke blokir dan verifikasi wajah susah
Novan Roviansyah,2,2023-09-22 03:43:21,"Bos, sya mau masuk lupa no rek nya gmna Tolong mnta no whatsapp nya"
Alvanafzal syafrudin,5,2023-09-22 03:05:48,Ok mantap
Edi Mulyadi,5,2023-09-22 01:51:11,Ok
mbw gaming,1,2023-09-21 20:46:42,Apk gk bisa di hapus aneh
Muhammad Riky,1,2023-09-21 15:13:58,jelek
Izam Faturahman,1,2023-09-21 14:28:08,"Sangat kecewa kenapa sekarang malah ada pembekuan saldo 50 k padahal sebelum nya tidak ada hadehh tidk di kasih keterangan juga buat apa"" nya nth apa lah kecewa berat😏"
ilhaam rizkiya,1,2023-09-21 13:54:41,Verif wajah sanga sulit.
adi 2121,1,2023-09-21 13:27:13,Udah daptar berkali kali tapi gamasuk masuk malah pising sudah ratusan kali daptar ga bisa bisa di uniinstal juga gabisa dah lah semoga bangkrut lah dah pusing ngngap ga ada ker jaan aja
Yuni Sarah,5,2023-09-21 12:18:58,Baussssssss
"Muhammad Zuhri, S.Pd.I",5,2023-09-21 12:08:21,Lengkap
Lisa Yuliana Sari,1,2023-09-21 11:39:44,"Menyusahkan sekali, untuk aktivasi selalu tidak bisa !"
Fahriah Ars,4,2023-09-21 10:54:35,Ada baiknya sebelum nasabah transaksi apapun diberi review dulu utk di cek kmbali oleh nasabah salah atau benar inputannya sblm transfer/input PIN🙏🏻🙏🏻🙏🏻
Ginanzar Subiradisastra,1,2023-09-21 10:27:01,Saya tidak Punya acount bsi Tapi saya selalu menerima notification Transaksi dari bsi gimana
Edwar Dasikers,5,2023-09-21 10:04:37,Sudah ada tabungan BSI
mulyono yahya,1,2023-09-21 09:45:43,Bank BUMN ini seperti nya belum siap bersaing di dunia perbankan...
Agung Priyanto,1,2023-09-21 09:39:12,B1 dlu. Duit gw blm dibalikkin.
Munirah IPA,4,2023-09-21 09:13:26,Sangat bermanfa'at bagi saya
Akeyy10s,1,2023-09-21 09:11:08,Gak jelas vc nya sering eror
Deni Multazam,1,2023-09-21 08:57:28,"Saya sudah datang ke Bank BSI dan tidak ada solusi!! Habis ganti HP, mau aktivasi ulang tapi gak bisa!? Datang ke CS dibilang Gangguan Nasional Indonesia!! Perbankan macam apakah ini?? Terima kasih"
Davin Arya,5,2023-09-21 08:29:50,good
Rano Irwan (Irwan),1,2023-09-21 07:51:55,"Parah nih apps, dari awal buka rekening gak bisa mulu daftar mobile. Masa kudu ada pulsa supaya kirim SMS ke BSI maksudnya gmn ini."
Rasya al maghribi,1,2023-09-21 07:39:16,"foto selvi kedip mata, buka mulut gk bisa.di dalam rumah siang hari di luar rumah sdah pindah"" tempat 1 jam gk slesai"" pkek telkomsel gk bisa, wifi gk bisa,hadeh payah"
Daniel Saras Rahmana,1,2023-09-21 06:18:15,"Gak user friendly!!Untuk aktivasi berbelit-belit gagal mulu. Ini sudah saya sampaikan dua bulan dan masih sama, percuma tampilan bagus tapi alur pendaftaran aplikasi nya gajelas.. Orang pake aplikasi biar gak datang ke kacab lagi jadi lebih simple, masa disuruh ke kacab lagi. Developer nya tolong di note, aplikasi anda banyak yang protes di bagian aktivasi rekening yg sudah ada. Khususnya di bagian verifikasi wajah dan SMS. Udh kirim sms, bayar pake pulsa, akhirnya jga gagal!!"
yadi mugijodo,5,2023-09-21 04:36:10,Baik
Yuyun Aprianitasari,1,2023-09-21 04:28:36,Memperoses datanya lama udh dari tadi tidak approved mau buka rekening aja susah
Reog Ponorogo,5,2023-09-21 03:59:31,Baik
Reinizqy Mughniza Makmur,1,2023-09-21 03:08:52,"udh berapa kali mau aktivasi tapi pas d suruh kirim sms malah katanya nomor g kedaftar, tapi pas kirim pesan otp nya bisa. gmn sih ini. mau ganti rekening ajalah, makasih pengalamannya selama 3 thn ini. bye"
Gogeta Saiyan,5,2023-09-21 02:15:44,Nice
Murni Handayani,5,2023-09-21 01:21:48,Adanya BSI mobile sangat membantu sekali dalam transaksi
Munandhirin,5,2023-09-21 00:58:30,Terimakasih
Indo Viral,1,2023-09-20 17:22:30,"aplikasi terus berhenti ini kenapa woii, mau bayar kuliah ini ahh"
Ratna Dewi,5,2023-09-20 14:41:28,Tidak bisa login
zufrez vian,1,2023-09-20 13:19:21,Aplikasi dibuat transfer kok gak bisa Sudah 3 hari ini gabisa dipakek Sangat kecewa !!!!!!!
Frendy_Markus,1,2023-09-20 13:06:03,Sering bermasalah
muhammad zulkarnain,3,2023-09-20 12:50:09,🤒🤕😇
Azahra Media Chanel,1,2023-09-20 10:40:19,Knp ndk bisa di non aktifkan dan dicopot...pin diblokir mau ganti pin
Maulana Insan kamil,3,2023-09-20 10:29:46,"Kenapa ga bisa masuk,terus ga bisa update lg"
Billy Billy,1,2023-09-20 09:48:26,Saya atas nama. Pili. Merasa sangat tidak puas dengan aplikasi ini
Tata Wahyu melanda,2,2023-09-20 09:15:19,Sering eror
ضياء الياقوت,4,2023-09-20 08:27:32,"Assalamu'alaikum, kenapa akhir2 ini bsi sering trouble ya?"
Annisa Maulidina,3,2023-09-20 08:25:33,"Saya sangat membutuhkan resi, tapi resi yang transaksinya sudah kehabisan waktu, tidak dapat ditemukan kembali, tolong dong bantuannya"
Seprizal Tanzil Firdaus,1,2023-09-20 06:19:06,Selalu FC gk bisa dibuka!!!
Jackpot 1,5,2023-09-20 05:26:50,"20-09-2023 Sekarang daftar BSI Mobile dipermudah banget, ngga seperti dulu udah repot tapi ga aktif aktif akun BSI Mobile nya. Trimakasih BSI"
Yen Rizal,1,2023-09-20 04:58:06,"Mana ada bintang 5 tu, paling peg&kel.peg nya yang kasi bintang. Yang saya tau bsi dari zamannya BSM dulu , kalo saldo kita agak banyak suka manahan-nahan uang nasabah dengan dalih system' error'..."
Erwin Syahputra,1,2023-09-20 04:49:17,"BSI sekarang sangat buruk uang keluar secara tiba"", telpon call center juga jawaban template. Dan ini kasus yg kedua kalinya makin buruk citra bsi kalau gini."
radit haipi,5,2023-09-20 04:28:43,Keren
self tasik creative,1,2023-09-20 04:14:39,"Gak merekomendasikan, sering gangguan, transfer gak nyampe, saldo udah kepotong"
widya hanun zuhairi,1,2023-09-20 02:35:46,Error terus kalau mau buka apk nya
Sakinah Sakinah,5,2023-09-20 01:50:42,Saangat baik
Gifri Jiji,2,2023-09-20 01:47:38,Top pospay error mulu
Mujaddiduddin Hasnawi (j984),5,2023-09-20 01:39:08,mantap aplikasinya
achmad maulana,3,2023-09-20 01:18:36,"versi terakhir 6.18.0, jadi tidak bisa di buka apk nya. 6.17 masih bisa. tolong di fix. terimakasih."
Hajrah Mahdania,1,2023-09-20 01:09:57,"Kenapa suka tiba2 kalau ada yang bermasalah, ini lagi buka rekening kok ngga bisa2, aku daftarin mamaku, pas pilih pekerjaan dan sumber keuangan, ngga ada pilih ibu rumah tangga? Gimana sih"
chaerul fikri,1,2023-09-19 21:23:27,Gaje
Sri Rodia,5,2023-09-19 13:52:05,Excellent
RIZKY fachrurozy,1,2023-09-19 13:08:50,"Setelah update aplikasi ga bisa dipakai, langsung force close sendiri, hp samsung galaxy note 10"
Ryan Elhurair,1,2023-09-19 12:30:18,Setelah update app di android 13 gak bisa di buka malah FC
Mas Diqin79,3,2023-09-19 08:13:25,"Alhamdulillah dengan adanya aplikasi BSI Mobile ini bisa mudah untuk transaksi2, seperti transfer antar bank dan juga bisa mudah untuk beli token listrik kapanpun dibutuhkan. Tapi setelah pindah ke hape yang baru kok suara azan yang biasa terdengar sekarang tidak bisa dan kadang2 pas buka aplikasi kok katanya aplikasi lama perlu di update, padahal ini aplikasi yang baru."
Siti Aisyah,4,2023-09-19 07:59:21,Bagaimana ya cara print out rekening koran BSI di aplikasi ??
Radhen Fadhil,1,2023-09-19 05:08:50,susah buat kirim sms nya udah abis pulsa banyak masih ttep ga bisa sampai sekarang
Elisa Hasna,5,2023-09-19 04:53:52,Baik
Anugroho ADBS,5,2023-09-19 03:20:43,Aplikasi ini sangat membantu & fiturnya lengkap
Yana Alfatih,5,2023-09-19 00:44:41,Aplikasi bagus terus tingkatkan lagi
Hadikudi Anto,3,2023-09-19 00:04:41,Bener engga untuk pinjol di bsi bisa..
Jaenudin Nudin,1,2023-09-18 22:43:11,"Sering mengulur2 waktu kalau transferan gojek siaga.Nyari ATM nya susah, lemotnya minta ampun kalau lagi transaksi di ATM,kartu ga bisa ke baca di ATM,pas mau ganti kartu baru kena admin lagi. Saya pengguna BSI dari gojek,enakan sistem BNI Syariah,gak ribet gerai ATM nya banyak, tepat waktu transfer dr gojek. nggak kaya BSI,di ulur melulu."
Pajar Hidayat,1,2023-09-18 16:14:45,Kenapa kok di aplikasi jyah terdapat administrator perangkat atau orang ke 3 untuk apa apakah untuk mencuri seluruh data yang ada di ponsel penguna padahal di aplikasi e bangking lain nyh tadak yang beginih kohon fitur ituh untuk di hapus karena sangat mengganggu kenyamanan
cgeet Sigit,3,2023-09-18 15:04:02,Ganti hp mau login gagal terus Ada solusi?
Anang Sonjaya,1,2023-09-18 14:16:13,Sering keluar sendiri pas mau buka aplikasinya jadi gk nyaman banget😈
August Permana Siddiq,5,2023-09-18 14:13:02,Trimakasih sudah disetujui ikut bergabung di bank BSI smoga berkah🙏
Ocied Ahoi,1,2023-09-18 13:32:43,BSI kacau Masa iya bank saya top up e-money 100 000 Saldo kepotong ke e-money gak masuk Trs saya beli pulsa 30 000 masuk beli yang 15 000 Ada tulisan transaksi anda kehabisan waktu pas saya cek saldo eh udah kepotong tapi jadi masalah pulsa gak masuk Sudah 3 kali saya begini di BSI e-money pun sudah 1 Minggu gak masuk saldo gak balik gak amanah bangt Masih pada mau kah pakai yang beginian Saya di niaga gak ada tuh yang begini syariah2 bgini cara ambil uang customer?🤣🤣lucu kli heran perbaiki
parsia 03,1,2023-09-18 12:28:29,Susah banget mau buka rekening online. Padhal jaringan bGus gagal trus
Muhammad Iqbal,1,2023-09-18 12:05:19,"Aplikasi nya keren tidak pernah ada masalah pokoknya terbaik, terimakasih bank aceh"
Ghafur Ghazali,5,2023-09-18 10:27:05,Jossss
Ai Nurjanah,4,2023-09-18 10:07:08,Mantap
Sur Yani,1,2023-09-18 08:45:52,"GAJIH TELAT MULU PADAHAL UDAH DARI PERUSAHAAN ANYA MAH LAH INI MASIH BLM DI KIRIM²,KATANYA BANG ISLAM TAPI KOK GA ISLAMI BOS?ISLAM MENGAJAR KAN KITA TEPAT WAKTU"
nurul huda,1,2023-09-18 08:08:36,Uangku 4.8jt tertelan dimesin ATM dibank BSI ny sampai sekarang uangnya tidak kembali. Sudah 12hari kerja padahal. Entahlah bank BSI ny nih nanggapin laporanku atau engga. Kesal bgt! Aku cuma pengen uangku di KEMBALIKAN!!!!
Ai Mutiaroh,1,2023-09-18 07:52:47,"Pas aktivasi lwat hp selalu ada info,permintaan tidak dapat di proses,silahkan di coba beberapa saat lagi,bgtu trus Tolong ini harus gimna setiap aktivasi seperti itu saja jawabnya,,udah isi pulsa ber kali kali kira pulsanya mungkin yg kurang,,tapi ttp GG bisa ,,tolong di bantu .."
Sutarman Ammank,5,2023-09-18 07:03:04,Baik👍
FITRI TRI,5,2023-09-18 06:21:17,Sangat bermanfaat dan memudahkan transaksi
Muhammad,5,2023-09-18 06:15:35,Membantu
Ismail Husin,5,2023-09-18 06:09:19,ok
Sopiandi Abdillah,1,2023-09-18 05:53:50,"kapan apk ini mau di update untuk perbaikan dan mempermudah nasabah sih, kalau begini terus gimana nasabah bisa betah"
Taufikur Muktadir,5,2023-09-18 05:24:52,Sering sekali ngelag
nelly yulida,1,2023-09-18 05:23:21,"Setiap buka aplikasi selalu muncul. ""Permintaan kehabisan waktu"" Jadi aplikasi tidak dapat dibuka"
vauzy FPV,1,2023-09-18 04:26:45,"proses buka blokir pin bsi via telpon susah ,aplikasinya agak ribet ."
Aryo Bae,1,2023-09-18 03:21:16,"Cukup sekian dan terima kasih, kapok pake bsi"
Muhamad Mahmudin Mahmud,5,2023-09-18 02:57:46,Akurat dn terpercaya
Laili Nur Hasanah,1,2023-09-18 02:51:34,Transaksi non kartu saldo sudah kepotong tapi gabisa keluar uangnya
Taufiqur rahman (Taufiq),4,2023-09-18 02:36:16,Tidak bisa update apk yang baru
Masjid Fastabiqul Khoirot Lemah mendak,1,2023-09-18 01:58:29,Banyak gangguan ga jelas
Hery Anto,5,2023-09-18 01:55:23,Tingkatkan lagi Aplikasinya sering eror
harni fauzi,3,2023-09-18 01:55:16,Sering banget gangguan sih
Deny Leo,1,2023-09-18 01:55:15,Assalamualaikum... knp aplikasi BSI cuma mentok di logo tidak bisa masuk udah tunggu lama tapi masih tetap mentok di logo aplikasi BSI.
Agung Nugraha,1,2023-09-18 01:52:54,Eror lagi hari ini
kine mon,1,2023-09-18 01:51:33,Appnya angguan mulu
Bunda,5,2023-09-18 01:36:19,Baik
Reypangga Dwi Santoso,1,2023-09-17 15:14:20,Sangat susah untuk aktivasi rekening
Suprianto Primer,4,2023-09-17 14:51:11,"Boleh juga aplikasinya, tingkatkan lagi pelayanan nya biar jdi yg terbagus...."
Ega Wahyudi,1,2023-09-17 10:33:04,Tidak bisa blokir kartu lewat aplikasi
azzam Jr,2,2023-09-17 09:43:05,"Kenapa aplikasi BSI MOBILE nya nggak bisa di buka sih....di buka selalu berhenti terus padahal biar semua gampang katanya,tapi kenapa keluar terus dari aplikasi nya"
Riyanto Yanto,5,2023-09-17 06:51:52,Sangat bagus
Sahrull Caung51,5,2023-09-17 06:18:55,Keren
Nihal Siddiqia,1,2023-09-17 03:55:27,Ga bisa di uninstal
Yar Milus,2,2023-09-17 03:36:31,"Bsi ini kenapa sih,saya buka lg BSI mobile Ndak bisa bisa,,keterangan PERMINTAAN KEHABISAN WAKTU,APA MAKSUD NYAAA"
mtss biringere,1,2023-09-17 00:59:00,Aplikasi ini sangat tidak bersahabat tidak mengerti arti senyum seharian senyum tidak juga di terima mending perbaiki dulu aplikasinya baru di rilis lagi konsumen kerjanya bukan hanya mau senyum senyum di depan aplilasi ...
hari yanto,1,2023-09-16 23:41:11,Kenapa aplikasi BSI tidak bisa berfungsi di perangkat saya
Indra Bungsu,5,2023-09-16 17:22:23,"Kalo bisa,sekedar untuk cek saldo,cukup login aja,gak perlu pake pin,lihat mutasi transaksi juga pake pin,mubazir pin,biasanya mbanking manapun cek saldo,cek mutasi itu gak pakai pin,cukup login aja,kecuali transaksi transfer,pembelian,yg berkaitan dg keuangan baru pakai pin,bahkan mbanking sebelah itu,gak pake login dan pin,sekedar untuk lihat saldo,ada fitur intip saldo"
Dida Raihan,1,2023-09-16 15:23:47,"Susah masuk nya, buka aplikasi malah keluar trus"
Englor 18,1,2023-09-16 14:44:14,"Verivikasi muka gk jelas, buka mulut senyum"" kedip"" gagal terus"
aldo wokeh,1,2023-09-16 08:58:27,Pengalaman tidak menyenangkan
Pendoza 69,4,2023-09-16 07:29:53,Update teroos.. sering error ..
Hikmatul Muamana,1,2023-09-16 07:20:45,"Aplikasi sering eror, gak nyaman buat transaksi"
Nandy kurnia sandy,1,2023-09-16 07:15:41,Sering bermasalah sering error
Muhammad Alfathdry Hadzami,3,2023-09-16 07:14:21,"Mohon maaf min, saya sudah coba buka aplikasi BSI mobile selama 2 hari ini dan tidak bisa dibuka, ketika mencoba membuka maka akan selalu kembali ke halaman luar, dan disitu bertuliskan bahwa aplikasi tersebut ada bug nya, untuk selebihnya bagus dan baik. Bagaimana step yang harus saya lakukan min"
TUBE FADLY 7,1,2023-09-16 07:12:44,"App error trus, pdhal sinyal bgus"
Andi Mulya,1,2023-09-16 06:29:10,cs tidak ramah aplikasi sering error
muhammad nur ihsan,2,2023-09-16 06:16:06,"Q kasih bintang 2 dulu soalnya verifikasi belum berhasil lama banget, mohon bantuannya"
ikon solihadin,4,2023-09-16 05:32:51,good
WIRANTO ALVIERO,1,2023-09-16 02:48:31,"Aplikasi cacat. Saya mau aktifasi akun , kode otp malah gak muncul muncul padahal nomor sudah benar dan sudah terdaftar. Serta sudah ada rekening dan mau masuk kagak bisa kode otp gak ada"
نور حبيبۃ,5,2023-09-16 00:47:46,"Sejauh ini BSI tetap yang terbaik. Tapi tetap tingkatkan lagi kualitas mbanking nya, selalu update agar lebih menarik dan lebih mudah lagi...."
Ganang Hidayat,4,2023-09-16 00:30:19,Kenapa sampai skrg blum ada fitur notif saldo masuknya min?
Bang Raja,1,2023-09-15 17:06:38,Gak jelas mbaking Bentar2 eror..taii
Satria _ Paslah,1,2023-09-15 14:07:43,Selalu di blokir kalau sudah aktivasi😒😒😒😒😒
Firdaus Gowasa,5,2023-09-15 13:44:03,Nga bisa aktip
Rizqi Raihan,1,2023-09-15 12:51:24,Respown CS Sulit Giliran Transferan yang harusnya cepet masuk ke rekening lama dan susah Komplain/bertanya kejelasanya
inderakula,1,2023-09-15 10:53:34,"gak bisa cetak rekening koran lewat aplikasi. bikin rekening bisa online, tapi giliran penanganan apa² disuruh ke kantor cabang. hadeuh.. tau gitu ngapain diadain pembukaan rekening online klo ada masalah mesti ke kantor cabang?? namanya aja pakai syariah, tapi dari segi pelayanan gak amanah, gak peduli sama kesulitan nasabah."
Toni Toni,5,2023-09-15 08:45:34,Aplikasi yang sangat membantu
Ade Rahmadani,1,2023-09-15 06:48:58,"Pulsa dah habis 20K buat nelvon CS, tapi pin terblokir ga jadi terbuka, layanan yang bertele tele, pntek, Ku tarik isi ATM ku, ga bakal pake lagi nih BSI"
Febby Aditya,5,2023-09-15 06:48:10,Terima kasih sudah ada perubahan.. rating kami perbaiki
Musli Adi,5,2023-09-15 05:57:28,Bagus
udara ud,1,2023-09-15 05:47:33,"Parah Transaksi Topup Ewallet Gak masuk, namun Saldo Di Rekening di sudah potong.. saya buat pengaduan lewat BSI sudah tapi begitu di cek pengaduan keterangannya belum ada riwayat pengaduan. Kacau benar nih Aplikasi. Gak ada bagus bagus nya, makin di update makin jelek."
Zulfikar Uhis,5,2023-09-15 04:41:58,Kesayangan
Dian Purnama,5,2023-09-15 04:30:49,Sang at baik
riq tv,3,2023-09-15 01:48:29,Aplikasinya banyak fitur dan mudah digunakan.. transaksi QRIS sampai dgn Rp 100.000 kenapa masih dipotong biaya 0.3% ya? Padahal kebijakan BI mulai 1 September 2023 utk transaksi tersebut sudah direvisi tidak kena biaya atau 0.. mohon diperbaiki lagi..
Lado lado,4,2023-09-15 01:11:10,Harus uninstall..restart hp..download lg..br bisa dibuka
alfansuri ragil aritomo,1,2023-09-15 00:54:28,ribet ya...sdh dpt konfirmasi aktivasi via sms tp di aplikasi blm ter aktivasi ga sikron sistem nya
Sahrull CHODET,5,2023-09-15 00:50:31,Keren
Muhammad Tasdiq,1,2023-09-14 23:45:46,Saat mau saya tf uang dari dananya udah berhasil tapi kok gak muncul2ya salonya alias lambat sekali
Nurul Aisyah,5,2023-09-14 20:25:30,"Alhamdulillah aplikasi bagus,transfer lancar,bisa buat cek waktu sholat sekalian"
M Jamil R,1,2023-09-14 19:46:47,Biaya admin nya nguras banget!!
Eri Subkhi,5,2023-09-14 18:16:07,Baru klik.. Kehabisan waktu..?
Anas Iehyn,1,2023-09-14 18:08:52,Tidak rekomendasi buat orang orang yang belum buka rekening bsi...mending jangan buka rekening bsi...aplikasi sering eror dan gangguan...parah banget...
nurbaeti nur,5,2023-09-14 14:50:33,Bagus
nyonya rait93,2,2023-09-14 14:29:25,Kok gak bisa buka mobile bangkingnya
Azhari12 Anda,1,2023-09-14 13:53:43,Sangat buruk..sering sekali eror..
yanti Yuliarman,2,2023-09-14 12:56:06,"Makin kesini makin kesana ga jelas aplikasi ini. Sampai cek saldo jg ga bisa. Tidak bisa top up, pembelian, pembayaran.. Lama lama buat apa aplikasi ini"
M Andy Saputra A.,1,2023-09-14 12:24:16,"eror trus aplikasi nya,,banknya sih bagus"
Raditia Mutiara,5,2023-09-14 10:07:16,Setelah update JD nyaman dipakai lagi
Hasbi Fadhillah,4,2023-09-14 05:13:58,Puas
Alfitrah Haikal,5,2023-09-14 04:31:09,Bagus
Mukhlis 159,1,2023-09-14 04:22:45,"Uang entah kemana, BSI BSI"
Syahputra tbn,5,2023-09-14 04:16:31,"Saldo berkurang, mutasi ada, resi ga muncul dan ga ada setelah cek ulang, uang yang dikirim ga sampai ke tujuan. Maaf saya kasih bintang 🌟 1. Tunggu uang saya terkirim baru saya kasih rating baik. Semoga segera dikirim ke tujuan. *** Alhamdulillah saldo sudah kembali. Saya kasih bintang 🌟 🌟 🌟 🌟 🌟 (5). Semoga kedepannya lebih baik lagi"
Gunawan Bangkok,1,2023-09-14 03:52:31,Penanganan nya sangat lambat Percuma ada fitur care di aplikasi tpi tidak ada penanganan saat ada kendala
Puji Astuti,1,2023-09-14 02:42:30,Saya ingin melepas aplikasinya kenapa susah sekali ya. Tdk seperti aplikasi2 lain. Sukron
Xperia Xzpojok,4,2023-09-14 02:30:07,Gangguan lagi ya per tanggal 11 september 2023
Amru Setyawan,1,2023-09-14 01:20:09,saldo ilangg
uut farihman,1,2023-09-14 01:09:22,gk bisa login
ten sui,1,2023-09-13 15:59:19,M banking sampah lama
Sandra Devi,1,2023-09-13 13:30:19,"Fitur nya astgafirullah, jjur buruk bnget dr pda B*I, masa mau aktivasi sdh 20 kali ttp gak bsa2, bentar lg bklan bangkrut nih bank"
Awa Awa,1,2023-09-13 11:24:13,Gak bisa bukaa aplikasinya
Julia Ndi,5,2023-09-13 11:17:49,Ok
Yulia Jambi,5,2023-09-13 08:06:36,Amanah
Handoko Widodo,1,2023-09-13 07:17:09,Verifikasi nya susah
Bang Oyon,5,2023-09-13 06:28:00,Bagus deh
Dhavid Yulianto,1,2023-09-13 05:00:24,Tidak bisa di uninstal
Nailul Nikmah,1,2023-09-13 03:35:31,"Kenapa kok verifikasi gagal kak, juga verifikasi wajahnya lama sudah lewat vc call tapi tetep aja ndk bisa gimana sih nih aplikasi"
Fnu Zahri,5,2023-09-13 03:26:44,Best ya bsi
wonk alawie,2,2023-09-13 02:58:05,Yang jelas perlu di perbaiki lagi... Sering eror.
Ozanzt Arfians,4,2023-09-13 02:00:37,"MUDAH BUKA REKENING, SELANJUTNYA SEMOGA AKAN ADA UNTUK SETOR TUNAI TANPA KARTU DI ATM/CDM."
Ajar Zain,5,2023-09-13 01:13:38,"Alhamdulillah saat ini membantu dan memberikan manfaat,syukron."
Sandi Morse,1,2023-09-13 00:51:37,"Jelek banget, sering gangguan. Mengecewakan. BSI hanya bilang Banyak Sabar Insyaallah berkah 😅"
Burangkeng Udin,5,2023-09-12 23:20:59,Alhamdulillah Alhamdulillah
Akashic Asp.,3,2023-09-12 17:47:17,"Mohon UI atau tampilan berandanya dibikin lebih bagus lagi, saya lihat tampilannya kurang rapi dan bagus. Mohon tampilannya dibikin lebih bagus lagi. Terima Kasih ;)"
Eka Budianta,1,2023-09-12 14:50:03,Gagal kmbali ke aktivitas trus pdah udah otp dan kirim sms dah 5 x mash kembali ke mobile BSI aktivitas trus yang muncul dan tadi tf gagal saldo brkurng💩💩💩💩💩💩💩💩💩💩💩
Asma Ummu Fadhl,2,2023-09-12 14:34:15,"Bismillah... Aplikasinya bermasalah trs pd hal sdh dibersihkn penyimpanan datanya dn bkn jg HP sy yg bermasalh krn HP sdh diinstal bersih dri cache tp aplikasinya ttp tdk bisa dibuka. Ini sdh yg ke 2 dlu bgtu lg, ya hpus sj tp beberapa bln kmudian sy download lg tp hnya beberapa hr macet lg mcetnya tdk bisa dibuka. Developer mohon perhatiannya untk kenyamanan kami di mana BSI masih langkah kntor dn ATMnya untk transaksi kami sangat kesulitan. Jazaakumullahu khair wa barokallahu fiikum."
Pathiraja Sinaga,1,2023-09-12 13:02:25,Tutup aja bos
Sufyan Yasin,5,2023-09-12 12:35:24,kenapa dibuka kok mobile bsi terhenti???
Novay C,2,2023-09-12 12:20:08,"kenapa ga masuk ditf, padahal pengirim keterangannya berhasil. cek mutasi jiga blum ada transaksi. tolong diperbaiki"
Ibnuh Mukhilisin,1,2023-09-12 11:24:56,"Selalu gangguan. 12-09-2023 perhari ini, konsumen saya tf dari bank lain ke bsi, tapi uang nya tidak masuk. Sedangkan mereka melihatkan bukti transfer berhasil. Ketika ke bank bsi mengadukan keluhan malah tidak ada solusi, dan yg mengadukan keluhan ternyata bukan saya sendiri. Dan kami keluar dari bank dengan sia² tanpa solusi apa pun"
Ridgway Fachrur Riza,4,2023-09-12 11:18:52,Mantap
Ghina Salsabila,2,2023-09-12 10:53:48,Sering error transaksi apapun bagus bagus bni syariah berdiri sendiri malah segala di gabung mending kalo di gabung makin keren malah makin bluk ga jelassss.
Bamz tomy,1,2023-09-12 10:26:52,"Sering eror.. Penanganan lmbat,, pelayanan jg. Lama2 km di tingalkan nasabah woyyy"
Aisa R69,1,2023-09-12 07:49:34,Sangat sangat sangat merugikan setiap yang transfer ngk masuk saldonya padahal di daftar mutasi keterangannya masuk...pikir²lgi yg mau pake
sugianto saputra,5,2023-09-12 07:34:36,Bagus Baget
Anjar Satria,1,2023-09-12 07:22:20,"Sangat tidak nyaman pakai bank yang 1 ini, sering gangguan, sering banget"
adhiguna hasibuan,2,2023-09-12 07:19:39,Saya transaksi dari aplikasi lain ke BSI dengan bukti transaksi di aplikasi lain yang telah masuk tapi di informasi uang di BSI tidak ada masuk
Sawani_ Id,1,2023-09-12 07:10:07,Kenapa saldo bsi saya selalu dipotong? Setiap kirim uang selalu dipotong sampai-sampai saya tidak bisa mengambil uang karena saldo tidak cukup
Ems Emiexs,1,2023-09-12 06:55:28,"Kenapa pas validasi, selalu dibilang data yg anda masukkan salah, padahal datanya udh betul... Atau dibilang salah perimeter, gimana nih, tanya ke cs bank, katanya error, error kok 2 mingguan.. Pusing pusing"
Hidayah 2452,5,2023-09-12 06:51:25,Baik
Diensi dira Sagara,1,2023-09-12 06:51:17,"Kak saya mau komplain kenapa ketika orang transfer uang kesaya , uangnya blm masuk2 juga ya DRI pagi SMPEK sore hari ini belum masuk2 juga tolong dong di bantuu"
Arya Setiawan,1,2023-09-12 06:10:34,Pelayanan mau buat kartu lama !
Muhammad haidar Ali,1,2023-09-12 05:33:04,Kenapa yah BSI mobile gw gak bisa di aktifasi padahal saat gw liat di pesan katanya aktifasi anda berhasil kok sampai sekarang pas gw liat lagi di BSI mobile gw belum aktif juga malahan di suruh ulangi tolong kepada developer dan pihak bank BSI agar menindaklanjuti masalah ini
Agung Nugraha,1,2023-09-12 05:29:18,Kebanyakan Masalah ketimbang Keunggulan
Santun halomoan “Tunn” Siregar,5,2023-09-12 05:23:52,Saya Mengisi Pulsa 30000 Saldonya Udah Kepotong Kok Pulsa nya Ngak Masuk😭
Rumah Murai Cilebut,1,2023-09-12 04:18:06,Mau buka rekening online susah banget ga berhasil2
Bang Yan,5,2023-09-12 04:03:32,Bsi Bula mantap
Safrizal Safrizal,5,2023-09-12 03:39:16,Sangat mudah dan praktis
Fendi Buzar,5,2023-09-12 03:02:00,Mantap
Adek Abdillah,1,2023-09-12 01:53:24,"Tiap login slalu nutup sendiri Transfer laporannya gagal terus, tapi saldo terdebit, bukti transfer berhasil ga ad. Tambah ga jelas ini aplikasinya"
Riska Oktaviani,1,2023-09-12 00:09:33,"Nyebelin banget sih, ga bisa d uninstalll. D play store malah muter terus ga bisa d apa²in 🖕"
juventus juve,5,2023-09-11 23:12:41,Mantap
Yoh. Priyana,5,2023-09-11 19:50:54,Very good
Etty Ksp,1,2023-09-11 17:15:57,"Sangat kecewa SM BSI mobile banking, terlalu bnyk kendala, lelet, gak jelas."
AM Channel Official,1,2023-09-11 17:05:21,Aplikasi nya jelek. Maaf gue kasih bintang 1. Gak sesuai ekspektasi.
Yudi Pratama,5,2023-09-11 16:58:56,"Teruntuk BSI,, Tolong Dunk Lengkapi Fitur Mode Malam/Gelap."
taufan akbar,1,2023-09-11 15:49:02,Tolol gk bisa TF
Arif Iman Setiadi,1,2023-09-11 15:15:22,Transfer uang dari Taiwan belum sampai juga ke rekening BSi saya. Padahal status pengiriman dari Taiwan sudah berhasil. Ini saya cek saldo belum masuk juga.hampir 24jam. Gilaa
Ratu Nurhayati,4,2023-09-11 15:06:07,Qris kode ga bisa di scan katanya bermasalah
radian khan,1,2023-09-11 15:01:05,"Hari ini tanggal 11 September 2023 jam 20:00 , mau klik BSI mobile ..paraaah banget Kalau mau gangguan perberitahuan dong..!! Parah ,belum lambat lagi..biaya transf nya mahal ke bank lain Hadeuh.... Saya baca jawaban ulasan ke nasabah yg lain..komputerisasi, tidak puas dgn pelayanan nya"
alwi “Alwi” ichwanul affan,1,2023-09-11 14:21:56,Bank yang selalu memiliki masalah jaringan baik itu di ATM center atau di Aplikasi Mobilenya
Ari Razak,3,2023-09-11 14:13:37,Kenapa kalo ada gangguan trus dikirim.pesan hati2 kejahatan Fishing...seolah2 kalo ad masalah adalah kesalahan nasabah..
Riski William,1,2023-09-11 14:03:29,Banyak skali gangguan nya
Iman Acm,1,2023-09-11 13:35:10,Sejak ada BSI ini jaringan ya sangat jelak x susah untuk mau masuk.jujur kalo engak ada sangkutan dengan BSI udah pindah.sangat buruk jaringannya.😭
Brondong Tantee,1,2023-09-11 13:11:32,Intinya blm bisa memberikan kepuasan
Panadi Raga,1,2023-09-11 13:07:49,Error trus untuk transfer herann
A A,1,2023-09-11 13:07:46,"Masih sering error , hadeuh"
Kuswoyo Kuswoyo,5,2023-09-11 11:54:40,Mantap
Harris Athallah,1,2023-09-11 11:46:21,Sungguh aplikasi buat emosi
Hanni 25,4,2023-09-11 11:16:55,Terima kasih ya cs BSI dana transfer gagal sudah kembali ke rekening saya.
Agus Suryadi,1,2023-09-11 10:38:14,Uang belum sampai ke pihak ke 2...tapi sudah di potong
nursiman pasha,5,2023-09-11 10:16:33,Super sekali
ariemz junior,2,2023-09-11 09:48:59,srimg bget ni eror
Setiawan Setiawan,1,2023-09-11 09:38:43,"eror lagi di coba ATM bersama juga eror gimana ini BSI eror lagi pas jam"" sibuk ..."
Al Debaran,1,2023-09-11 09:21:27,Full seharian gak bsa diakses Dalam Setauket ini sudah gak bsa dihitung brp kali error. Fix buat yg pake BSI pindah aja udah.
Murdani Murdani,1,2023-09-11 09:18:56,"Kenapa BSI ini sering kali eror nya ,,padahal di provinsi aceh cuman BSI yg terdepan ,,tapi sayang sangat sangat mngecewakan publik dengan keadaan nya yg eror melulu."
Reehah El Jannah,2,2023-09-11 09:13:09,"Aplikasi sering error dan itu sangat mengganggu, apalagi untuk nasabah yg tidak tinggal di dalam negeri, mempersulit pengurusan. Andai aplikasi tidak sering error maka BSI adalah Bank yang paling ramah untuk seluruh kalangan. BSI pilihan terbaik dan bisa membantu kita untuk bersedekah, berkurban dan program2 islami lainnya."
Deni Irwansyah,1,2023-09-11 09:07:38,Bsi paling parah
بحر العلم الحق,2,2023-09-11 09:06:40,Kenapa dua hari ini gabisa transaksi ya.. mau tf gabisa cek saldo gabisa Mohon responnya
Pandu Wiranta,1,2023-09-11 08:27:26,"Kebanyakan bug, bikin susah orang aja"
Mhd Rafisqy,5,2023-09-11 08:24:56,"Hai bsi, apakah hari ini bsi lagi maintenance atau ada lagi perbaharuan, kok tidak bisa aktivasi"
martunis marta,1,2023-09-11 08:24:45,"Jauh2 pergi mau tarik uang di ATM perjalanan memakan waktu 4 jam, sampai di ATM uang tidak bisa ditarik sama sekali dengan kode gangguan. Ini sering terjadi dan yang menjadi pertanyaan nya kenapa BSI begini, jika memang mau berkembang seharusnya BSI lebih cepat dan lincah jangan cuma mau untung saja."
Muhammad Burhanudin,1,2023-09-11 08:21:14,"sering error, sungguh mengecewakan."
Officialsultoon,1,2023-09-11 08:20:48,Paraaah errrorrrrr terusss
sabda pena,1,2023-09-11 08:20:35,Aplikasi penuh masalah... Sekian banyak komentar keluhan nasabah juga ndak ada perbaikan.
Wildan Syakir Mubarok,1,2023-09-11 08:17:53,Bagus cuman pas saya ngecek informasi saldo sering ada tanda permintaan tidak bisa diproses (100) terus juga pas narik tunai di atm lain gak bisa karena sering error
Endang Zamahsyarie,5,2023-09-11 08:15:01,👍👍👍👍👍👍👍👍👍
Noe Corleone,1,2023-09-11 08:14:34,mau buka rekening malah gagal terus. katanya no ktp tidak terdaftar. tapi buka rek bank lain lancar aja.
Dul Cibening,5,2023-09-11 08:11:04,Aplikasi yg sangat membantu...👍👍👍
Ferdian Yudha,1,2023-09-11 08:09:54,Sering error
Yeye Andria,2,2023-09-11 08:09:39,Knp sih error mlu mau top up
Konadi,1,2023-09-11 08:03:44,Apk terlalu sering error
yasmin hayati,1,2023-09-11 08:02:05,"Jaringan aman tapi tdk bisa transaksi, error mulu menghambat pembayaran🙃"
Suryati Destari,1,2023-09-11 07:59:05,G bisa di buka . Gangguan (100) terus .. kenapa ?? Pdhal lagi butuh benget ..
Ulul Azmi,1,2023-09-11 07:58:06,Sangat Tidak cocok untuk di pakai
miftahul husna,1,2023-09-11 07:57:42,Sering bermasalah. Dan sekrang gak bisa akses..
Andri Setiawan,1,2023-09-11 07:56:35,"Aplikasi yg tdk user friendly. Saat butuh transaksi cepat, selalu az gangguan."
Hana Masrur,2,2023-09-11 07:56:19,Kenapa bsi jd sering eror ya? Mau cek mutasi susah banget
66 Miko Room,1,2023-09-11 07:52:40,"Sering error,"
Atik Hidayati,1,2023-09-11 07:49:40,Banyak kendala dan Sering banget eror Y Allahhh... Mana pas eror pas lagi butuh2 nya :''( Semoga bisa diperbaiki lebih baik baik lagi apk nyaa
Keken Dwp,1,2023-09-11 07:49:27,"Mbangking nya loading,giliran masukkin ke atm kartu nya gak bisa"
Fitriadi Light,1,2023-09-11 07:49:17,"Aplikasi sangat buruk, selalu saja ad masalah..hari ini tidak bisa cek saldo dan transfer.."
adil sadhew,2,2023-09-11 07:48:58,"Ini kenapa aplikasi tdk bisa dibuka y, apa eror ?"
17_Amir Fauzan,2,2023-09-11 07:48:27,KENAPA GABISA TRANSFER
Ompong Slow,1,2023-09-11 07:47:26,bank tolol sering gangguan. ngurus gaji perusahaan aja lemot kaya keong. mending pake bank lain
Ghulam Shabirrahman,5,2023-09-11 07:44:46,Alhamdulillah cukup membantu
Fitriany Ikram,1,2023-09-11 07:44:23,Apakah sedang ada gangguan???? Knpa tidak bisa diakses ya utk cek saldo??
M Rusydi Ramadhan,3,2023-09-11 07:42:59,Ko makin parah nih server masa gangguan pas jam jam sibuk dah. Begitu teruss
Washil Robi,1,2023-09-11 07:38:49,"Mohon untuk para IT bsi bisa memperbaiki kendala sistem bsi mobile, ketika jam kerja dan butuh untuk melakukan transaksi yang muncul permintaan tidak dapat diproses (100), untuk Cek saldo pun juga tidak bisa. Nasabah pengguna BSI mobile pastinya ingin di permudah bukan di persulit dengan sistem error. Kaluapun maintenance harusnya tidak saat jam kerja. Terimakasih"
Realme C15,1,2023-09-11 07:37:41,"Kenapa lihat saldo gk bisa, transfer gk bisa tertulis permintaan anda tidak dapat di proses"
Sofyan Hadinata,1,2023-09-11 07:33:56,"Di update kirain makin bagus eh malah makin lemot, cek info rekening aja gagal terus, terus aku kudu kumaha"
Suhartanto,1,2023-09-11 07:31:21,"APLIKASI YANG BENERLAH, JANGAN GANGGUAN MULU"
Epha Romano,4,2023-09-11 07:28:35,Hari ini error kah?
Catur Fm,1,2023-09-11 07:27:44,"Aplikasi mobile semakin sering gangguan. Pernah emergency, tapi bahkan dibuka sama sekali gak bisa. Ke atm, hampir aja ketelen"
MUHAMMAD IKHWAN,1,2023-09-11 07:26:49,Kalau bisa di kasih minus bintang. Akan saya kasih minus tuk BSI.
Gus Jaeni,5,2023-09-11 07:25:48,Keren
Ra Yyan,1,2023-09-11 07:24:08,Sekiranya bank BSI BLM BISA ATAU BLM MAMPU... DENGAN KEMAJUAN JAMAN... JANGAN BUKA BSI.. DEH MENDINGAN KAYA DULU AJA. GK ADA BSI ATAAU SYARIAH BANG LAIN GAMPANG... SEKARANG ADANYA BSI MLH ERROR MULU.PAYAH.
AlwaTuToRialku,1,2023-09-11 07:23:03,¶e¶ekk
Tasmin 032,1,2023-09-11 07:19:03,Knapa pas mau bayar ke Tokopedia malah eror
Siti Khazana,1,2023-09-11 07:17:42,Sering gangguan
Yusqi Hidaya,2,2023-09-11 07:17:08,"transaksi susah di proses lama bgt sering error lagi apalagi kalo pake Qris wifi kenceng tiba"" ga kerasa"
Dery Hidayat,1,2023-09-11 07:15:53,"Parah, kecewa sering eror"
Sabti Yani,1,2023-09-11 07:13:21,"Ada apa dgn aplikasi BSI,GAK BISA DIPAKE"
eewan dt,2,2023-09-11 07:13:14,Hari ini tgl 11/09/23 tidak transaksi pakai bsi mobile.. sangat menghambat aktifitas
Alfi Kurniawan Official,1,2023-09-11 07:12:06,BSI nya eror hari ini. Tolong perbaiki supaya bisa transfer gopay
De Alda,4,2023-09-11 07:09:48,Tdk bisa d buka
Ai eva Masturoh nursalisah,5,2023-09-11 07:09:38,"Bagus,tp barusan sy mau topup gabisa malah ada tulisan""informasi tidak dapat di proses(100)"" jd saya masih nunggu"
diana syam,1,2023-09-11 07:04:23,Aplikasi gak bisa transaksi hari ini menit ini saat ni
Anindita Dyah,3,2023-09-11 07:02:41,"Aplikasi sudah di update. Tapi kenapa ketika akan melakukan transaksi selalu ""permintaan tidak dapat diproses (100)"" ? Bahkan untuk cek saldo juga seperti itu"
Nu Adi,1,2023-09-11 06:53:36,Payah..banyak erornya
Zul Hans Nasution,1,2023-09-11 06:53:34,"Aplikasi yang sangat tidak baik, selalu tidak menyenangkan, tidak bisa cek saldo, transfer bahkan tidak bisa di pakai buat transaksi yang lainnya"
Abdul Gionizo,4,2023-09-11 06:53:11,Kenapa pas buka info rekening atau tranfer gak bisa malah kluar permitaan tidak dapat diproses 100 tolong infonya
Sultan Frost,1,2023-09-11 06:49:59,MAU CEK SALDO EH MALAH GAK BISA DLL ..
Rikacinta ilham07,5,2023-09-11 06:44:49,Alhamdulillah bermanfaat bagi masyarakat
Babam Naufal,1,2023-09-11 05:32:20,Aplikasi membagongkan
Mhd Zuhri Syah Umar,2,2023-09-11 02:10:22,Mohon untuk pihak BSI....kenapa saya tidak bisa login BSI mobile saya padahal jaringan saya bagus dan tidak ada masalah sama sekali.....mohon ditindak lanjuti
Yatna Supriyatna,5,2023-09-11 01:49:29,Sangat membantu
Muhamad Ardiansyah,1,2023-09-11 01:15:41,"belum pernah aktivasi hasanah card tiba2 muncul tagihan wkwk,katanya syariah tapi sepihak gini wkwkwk"
AA. PRATAMA,5,2023-09-10 18:43:10,Sangat baik dan mudah dipahami
Riduwan,1,2023-09-10 17:43:47,"Tolong lah BSI kok ga bisa dibuka aplikasi nya, udah coba berkali-kali tetap ga bisa dibuka, tolong cepat diperbaiki"
Awi 2020,1,2023-09-10 15:16:27,"Kalo telepon BSI pulsa yang keluar mahal, telepon baru beberapa menit bisa habis 10-20 ribu pulsa. Kalo mau ke cabang BSI jauh. Kan enak di telepon. Kalo bisa yang mudah kenapa harus ke cabang ya kan?"
RIDHLO SUHARTONO,1,2023-09-10 12:29:58,"Maaf tapi untuk fitur islami, lebih baik dan bagus aplikasi moxa mabroor"
Nanda Arba,2,2023-09-10 12:05:26,Bingung apakah aplikasinya yg eror apa pelayan banknya yg gak bagus. Suka eror sejak ke bajak kemarin
Irzul,5,2023-09-10 11:38:56,Knp sidik jari di aplikasi BSI ku tdk tampak lg
Oasis Media,1,2023-09-10 11:16:19,Sangat lambat...aplikasi sering eror transfer masuk e luama kalo antar bank...jangan di download...
Dira Channel HD,1,2023-09-10 10:44:23,"Transaksi gagal tapi langsung terpotong padahal uang belum masuk ke bank tujuan yg ditransfer. Udah hubungi ke wa,email n call center tp proses pengembalian'y lama.. Mohon diperhatikan baik² keluhan para nasabah yg kecewa dengan pelayanan mobile banking bsi syariah.."
Yusril Yusril,5,2023-09-10 10:41:48,Baik terkadang
Cut Intan,1,2023-09-10 10:35:01,"Ini gimana ya,kok pas mau TF ke bank lain pake BI Fast gbisaa,gaada pilihan jenis² bank nyaa. Tdi Uda transfer malah gbisaa ga masuk² uang nyaa ke rek tujuan,sedangkan saldo uda di potong. Tolong dong respon nyaaa"
Abdurrakhman Wijaya,1,2023-09-10 10:31:25,Tidak bisa transfer
CHANNEL GHAZALI,5,2023-09-10 10:16:29,Apk ini sangat membantu
Hadi Putra,1,2023-09-10 09:05:46,"Tidak bisa transaksi transfer, kok payah ya"
Youtube Kids,1,2023-09-10 07:42:05,"Pake nama BANK SYARIAH, MASA SAYA TRANSFER KE KLIEN SAYA GK MASUK MASUK. DUITNYA KEMANAIN, MAU NIPU PAKE LOGO SYAR'I. ??? MENDING BANG CINA GK NIPU TRF LANGSUNG SAMPE KECEWA"
Munah ARNA,1,2023-09-10 07:18:17,"Jangan ada yang mau !!Aplikasi sialan...main potong aja se enaknya...25000 kepotong setiap masuk pengisian....siallllann ,, kecewa sampe mati"
Raden Arsen,5,2023-09-10 06:51:00,Sangat manfaat
Theresia Noviana,2,2023-09-10 06:28:45,"Setiap transaksi mau ke bank mana pun selalu gak bisa dan selalu sistem nya bermasalah, saat saya transaksi katanya transaksi gagal bisa saldo saya di potong tolong ya sistemnya di perhatikan duapa nasabah tidak kesulitan ..."
Nola Wulandari,5,2023-09-10 05:52:42,Good
Mugi,3,2023-09-10 05:39:49,"Kok gak bisa verifikasi nomor handphone? Padahal nomornya udah bener. Disitu tertulis ""Tidak dapat mengirim pesan dengan Telkomsel, kesalahan 0"" Maksudnya gimana ya?"
NAUFAL & ZAIDAN,1,2023-09-10 05:30:18,Gk pernah beres ni bsi kacau
mas firman klaten,4,2023-09-10 05:03:25,Mantap
muchamad wahyudi,1,2023-09-10 04:47:49,Aplikasi erar eror tok
Cut mawaddatul Ula,1,2023-09-10 03:33:05,"Kenapa aktivasi saya selalu gagal, padahal saya sudah banyak menghabiskan pulsa untuk mengirim sms tapi di apk nya tidak berhasil, tapi saya mendapat sms kalo mbangking saya sudah aktif, sampe sekarang saya belum bisa menggunakan mobile bangking😡"
Haykal Ikalgaming,1,2023-09-10 03:16:46,"Bank apaan ini, saya transfer ke rekening sendiri ga masuk masuk, sedangkan di mutasi sudah ada"
Alvin PCH,1,2023-09-10 01:36:44,Login ke rekening yang sudah di buat sangat sulit.. Terutama saat verifikasi wajah sering gagal.. Dan walaupun sudah melakukan video call tetap saja tidak bisa login.. Muncul perintah buat rekening/masuk ke akun.. Gitu mulu tolong di perbaiki dong..
Prasetiyo ibrahim,1,2023-09-10 01:28:09,Setelah di-update aplikasi eror tidak bisa terbuka. Keren dah bsi
eva afrianti,2,2023-09-10 00:26:06,Sulit diakses
Fauzul Ngafi,5,2023-09-09 23:43:49,"Aplikasi bagus tapi saya coba install pas masuk nya aplikasi tinggal tunggu Aktivasi kok lama banget,gak ada kabar udah diterima apa belum data diri saya tolong bantuannya...."
Maghfira Aprilia,1,2023-09-09 22:44:18,"BSI kenapa ya?? Setiap saya mau melakukan pembayaran uang kuliah (universitas terbuka) ko tidak bisa ya??? Padahal nomor billing yang dimasukkan sudah sesuai dgn yg diberikan dari pihak UT, tapi dari BSI nya ga bisa dan selalu muncul ""maaf nomor anda tidak ditemukan"". Dicobaha dihari berikutnya pun sama, yg tadinya berharap akan mempermudah krn ga usah keluar rumah, eh malah jadi MEMPERSULIT"
Imannuel zulkifli,5,2023-09-09 20:55:52,aplikasi yg luar biasa smnjak mendownlod BSI Mobile smua jdi mudah dan semua jdi serba singkat
Hana tri Bakty,1,2023-09-09 18:14:12,"Kenapa sulit sekali bahkan ku bawa ke pihak bank kok tetep gak bisa ditrima,,"
Toples Kacang,1,2023-09-09 17:51:17,"Bank BSI yang terhormat, maaf saya berkomentar sedikit, untuk perihal layanan Perbankan kenapa selalu mengalami masalah? Sinyal bagus, koneksi lancar, setiap jam banyak hal hal penting yang saya lakukan di aplikasi mobile termasuk untuk bisnis, jika sistem ingin update saya sarankan untuk menyiapkan update terlebih dahulu lalu menggunggah, jadi jangan disaat mau update, disitu juga dikerjakan data nya...TKS"
Yodianto,1,2023-09-09 17:35:59,"Kok gini sering gangguan sekarang banking nya, tolong diperbaiki lagi aplikasi nya biar nasrabah puas"
Farhan Shahira,2,2023-09-09 17:25:06,Gangguan lagi kah bsi hari ini?
Dian Raudhi,1,2023-09-09 17:14:05,BSI Mobile aplikasi banking paling tidak jelas untuk per tanggal 10 September 2023
Maliki Efendi,5,2023-09-09 17:10:44,Mantap
Firsan Wibowo,1,2023-09-09 16:55:55,"Aplikasi lo gak bisa di hapus di hp gua. Tiba2 udah nongol dan nggak bisa dihapus2 menuhin memori, gua aja gak punya rekening bsi"
Ibnu Hajar S,1,2023-09-09 13:58:40,Saldo saya selalu di potong😓😓
Mbak Fitri,1,2023-09-09 12:19:02,Sering susah di buka
Sanuricut Sanuricut,1,2023-09-09 09:39:34,Kenapa selalu balik ke halaman awal
Alfa Uzi,5,2023-09-09 06:59:53,Apps nya memang sangat baik'cantik.klo benar dibuka utk masyarakat sungguh sangat mmbantu.Tapiiii kapan ya...? Aku dftr online...sesudah semua data terisi ending nya malah....gk ada respon. Doa ku semoga kedepan nya benar&lancar utk bs mmbantu memdhkn bagian ke uangan.
O Gek,5,2023-09-09 05:30:06,Sangat membantu
Sultan Tan,1,2023-09-08 23:35:11,"Sangat bingung dengan aktifasi yang tidak mengenal wajah sendiri, sangat sulit sudah dicoba beberapa kali tetap tidak bisa mengenal wajah Sendiri"
Rizkiyawan Subagya,1,2023-09-08 23:34:59,Mohon maaf ini kenapa BSI tidak bisa melakukan pembayaran akademik? Kalo memang ada masalah kapan ya bisa digunakan lagi?
Ayuni Sregar,1,2023-09-08 17:55:04,"Saya kirim uang dari dana ke BSI, di dana sudah sukses terkirim tapi ke rekening bsi tidak masuk. Mohon bantuannya."
Agung Premijanto,5,2023-09-08 17:52:58,Sangat berguna
han hadi,1,2023-09-08 16:42:50,Pas lagi perlunya lagi penting²nya malah gangguan.. Payah..
Ilham Muhammad,4,2023-09-08 16:26:24,Kalau pas masuk ada bacaan invalid parameter knp ya
Hamdani,5,2023-09-08 16:25:16,Sangat mudah dan puas
NAUFAL HAKIM,1,2023-09-08 15:04:06,Mulai error lagi sering close up saat buka aplikasi nya hadeh...
Jaya Aminudin,1,2023-09-08 14:28:31,Sangat MENGECEWAKAN!
Pauji Ishak,3,2023-09-08 13:09:37,Ko aplikasinya gabisa di buka yaa
Vira Awar,1,2023-09-08 12:51:19,"Saya transfer uang ddr Bank lain, padahal sudah masuk di BSai, transaksi berhasil tapi saldo di BSI masih nol"
Fatih Armagasya R,1,2023-09-08 12:32:45,"Aplikasi tolol, aktivasi aj susah ny minta ampun"
R Adithya Yudha,1,2023-09-08 12:09:03,"GK bisa dibuka di android 13, pdhl lagi butuh banget pake bsi mobile. Terpaksa kasih bintang 1"
Ghazali Abdulloh,3,2023-09-08 10:10:55,Tak bisa di gunakan atau bertransaksi.
Rully Chaeroni,2,2023-09-08 09:45:11,Sdh 2 x verifikasi gak bisa login payah aplikasinya gak jelas
dadan kusdinar,4,2023-09-08 09:13:24,Bagus
bagus swara,5,2023-09-08 07:52:50,Good
yusfiq muhardian,1,2023-09-08 05:48:16,"Bank tolol!!! Duit udah di setor tunai, tapi pas dicek di m-banking saldo nya gk nambah"
kodrat wahyudi,5,2023-09-08 04:12:29,Ok
Suheri,5,2023-09-08 03:19:02,Aduuuh BSI... KAMU ADALAH HARAPAN UMAT ISLAM. TAPI KENAPA SEPERTI INI PELAYANANNYA?
aris setiawan,1,2023-09-08 01:30:51,Tidak bisa melakukan pembukaan req keteranganya tidak ada koneksi internet padahal internet sdh ful baik wifi maupun paket data... kacau ini aplikasi...
Wiwik Riyana,1,2023-09-07 21:06:10,sering ada masalah
Aulia Rakhman,5,2023-09-07 18:07:50,tingkat lgi pelayanan y
Fauzan Yunianto,5,2023-09-07 17:50:40,Uang saya nyangkut
Khairul Anwar,1,2023-09-07 17:22:21,Taik aplikasi keseringan pending
Oppo A16,1,2023-09-07 16:29:36,"Mau aktivasi aja susahnya minta ampun, pikir-pikir lah klo mau pake BSI"
seftian vieri,1,2023-09-07 15:43:51,"Kecewa sm BSI, saya lupa password dan saya disuruh uninstall apk, setelah saya install ulang dan mau masukin data akun saya malah katanya data tak sesuai pdhl udah benar sy cek semua, pokoknya kecewa berat lah dan setelah ini saya gak akan pernah pakai BSI lagi kecuali akun saya kembali"
Rudi Rudi,5,2023-09-07 15:16:07,Ok
Baso Yusril Usman,1,2023-09-07 14:35:22,Mau buka rekening aja sangat sulit
Bahrudin Abah,3,2023-09-07 14:24:13,Mohon server disempurnakan lagi karena saat ada transferan dari bank lain sering delay padahal dari bank yg mentransfer sudah ada notifikasi/bukti berhasil
Mas purdiawan,5,2023-09-07 14:21:31,Ok
Abu Abdurrahman,1,2023-09-07 13:22:06,"Saya sangat menyesal pakai rekening BSI, saldo saya hilang terus, kemaren terakhir teman saya transfer 1,5 jt, masa tinggal 1,1 jt, padahal belum di pakai sama sekali . Yang sebelumnya juga seperti itu. Mendingan tutup saja bank bsi, dzolim ini namanya, ingat wahai yang punya bank bsi, di akhirat nanti saya akan tuntut kalian , jika kalian tidak mengembalikan uang saya demi Allah..."
Suni Solissa,3,2023-09-07 11:59:45,Kenapa pada saat mau masuk mobile bsi nya ko waktu habis
Dyan Pangestu,1,2023-09-07 09:35:42,"saya sudah mengikuti smua langkah2 nya tapi ttp tdak bsa d pakai,setelah selesai aktivasi pas d sruh kmbali ke apk nya mlah dsruh aktivasi ulang,pdahal d sms nya aktivasi telah selesai"
Arif Rusman,1,2023-09-07 08:24:12,Sepertinya nya apk bsi mobile makin berat loding nya sma sperti aplikasi dana Bisa kah bsi mobile di sederhanakan agarjalan nya ringan
Rendy irawan,3,2023-09-07 07:32:56,Kenapa saat aktivasi data yg di masukkan tidak sesuai
Nurmasyitah Sita,5,2023-09-07 06:07:06,mantap..limitnya semakin banyak..
Galang Djanuar,1,2023-09-07 05:52:48,Ini buka tabungan via online tp pas bagian bikin pin gak bisa bisa dong gmn sih min... berkali-kali gak bs trs pdhl udah jadi norek nya tinggal bikin pin saja
Nuha Ashma,3,2023-09-07 04:33:53,"Pas saya mau tf ke shopeepay muncul tulisan ini, Transaction not allowed. E. g. Account in forex and cannot IDR Kira2 kenapa yaa?? Mohon bantuannya"
Asalaja official,3,2023-09-07 04:11:22,Gak bagus
Hafshoh Hanum Salsabila,5,2023-09-07 04:09:45,Bagus
Yazid Mobarak,1,2023-09-07 03:47:38,Pengalaman buruk yang sama ternyata sy alami. INVALID PARAMETER padahal udah sangat cermat dan hati2. Layanan aplikasinya mengecewakan!
Si optimum Prime,5,2023-09-07 02:54:30,",👍"
rakis Alrasyid09,5,2023-09-07 02:53:34,Sangat bagus
An-Nafis Chanel,5,2023-09-07 01:24:05,Bagus
zhafran cuseno,3,2023-09-07 00:17:02,Kenapa sering error'...sering tertulis kehabisan waktu
Hera Wati,2,2023-09-07 00:15:29,"Buruk,, knpa aplikasi nya tdak bisa uninstall,, anehhh tolong nonaktifkan aplikasi nya,,"
Septian Rizki,1,2023-09-06 15:57:47,Di update bukan nya lebih bagus malah gabisa diproses kek taik kalian bsi
Al Mahdy,5,2023-09-06 14:39:05,mantap
ARIEF BIMA,5,2023-09-06 10:36:48,Sangat membantu
NayAdit,4,2023-09-06 07:46:26,Tidak bisa top up pospay
Mutiara Nurrahmah,1,2023-09-06 04:51:38,Tidak bisa di uninstal
Anan Bahtiar,1,2023-09-06 04:38:28,"Sangat sangat tidak nyaman pake bsi sering banyak gangguan, saya transfer sering bnyak gangguan.. Pernah satu kali transfer uang gagal pas d ajuin malah d tolak uang nya ga kembali"
Haris Kurnia,5,2023-09-06 04:19:21,Ok
Abu Sakhr,2,2023-09-06 04:07:24,Keseringan error
Cham Dani,1,2023-09-05 22:50:58,"Tf ke rekening sendiri kenapa kgk masuk² ya, padahal di edc fastpay berhasil"
Raafi Hidayatulloh,5,2023-09-05 17:22:09,Sangat cocok untuk saya
Jhovan Lajasefa,1,2023-09-05 15:57:03,Transfer ke bank lain Saldo udah kepotong tapi uangnya ga sampe sampe Udah 2x gini loh Ngajuin pengembalian tapi ga di ACC ACC Mohon diperbaiki lah Jangan slogan nya aja syariah
Ade Rohati,5,2023-09-05 15:04:17,BSI is the best.
Diana Lestari,1,2023-09-05 14:11:55,"AKTIVASI TERLALU RIBET, KURANG COCOK UNTUK NASABAH YG SERBA SAT SET"
Albar Arhafish,5,2023-09-05 13:39:11,Mantap
Qodriana Aghna Wati,1,2023-09-05 12:09:08,"Transfer gagal tapi saldo kepotong, ndak balik pula uangnya"
Sia,1,2023-09-05 12:06:25,Gimana sih masa buka apk nya gabisa?
Syamsul Rizal,1,2023-09-05 11:18:41,Sudah di download tidak bisa diakses
Dwi Kurniati,1,2023-09-05 09:15:41,Sering error dan tidak bisa masuk aplikasi
Abizar Al,2,2023-09-05 08:14:16,Saya coba dulu bank bsi
nur shinta14,5,2023-09-05 05:56:06,Sangat berguna untuk smua
Amanda Lucia,5,2023-09-05 04:37:49,Makasih bank BSI udah memperlancar saya
Mus Ttd (Saiful12),5,2023-09-05 01:53:26,Insyaallah amanah
qoodhi baedhowi,5,2023-09-05 01:09:29,Mantap
IIS SUHATI,5,2023-09-05 00:30:49,bagus
Edisyahputra Edisyahber84,5,2023-09-04 18:26:11,Mempermudah akan tabungan
Andiy Wijaya,5,2023-09-04 17:54:54,notifikasi sms atau pemberitahuan ke hp dn layanan mobile sulit malah neransper antar bank dri hp aku kok gk bisa ya?
Ayah Alif,5,2023-09-04 14:56:54,BSI OKE
Agus Mardini,5,2023-09-04 14:20:04,Bgus
LIEMBAD 13,1,2023-09-04 12:48:14,"Gilak bgt ini aplikasi bsi, pin m banking gw terblokir terus di suruh nelpon call center. Cs nya pertanyaan Uda kayak Najwa Shihab cuman berapa menit pulsa Telkomsel pun habis Uda pulsa habis gada dapat hasil dan pin m banking pun Masi terblokir hadehhhhh sial2"
Novita Suriani,5,2023-09-04 12:42:25,Mantaaaap
Religa Raka,1,2023-09-04 12:40:40,Login lansia 70 tahun gagal di senyum terus. Masih lebih mudah absen taspen verivikasi wajahnya
Muhammad Alif Muharram (I011221115),2,2023-09-04 12:36:10,Bug
Rah Mad,1,2023-09-04 10:49:57,"Assalamualaikum.... Kenapa setiap kali buka aplikasi BSI mobile selalu muncul "" BSI mobile terus berhenti"" ?"
Malakandiaz,1,2023-09-04 08:40:09,"Aktivasi susah udh puluhan kali kirim sms balik ke app nya, tetap permintaan tdk dpt di proses, kacau sekelas bank bbumn app gk karuan,"
Muhammad Mujibuddin,2,2023-09-04 08:12:46,"kok setelah update malah tidak bisa dibuka aplikasinya, langsung tutup sendiri ya"
noor ardiyan,1,2023-09-04 07:21:33,Aplikasinya berhenti sendiri terus menerus..menghambat banget..mau daftar kok ga bisa..bagian ITnya gmn sih..bank syariah harusnya menunjukkan perilaku Islam yang memberikan pelayanan yg terbaik sehingga bisa merebut pasar konvensional yg Ribawi beralih ke yg syar'i..
Marcelis Stia Anggraini,1,2023-09-04 07:06:30,Aktifikasi kok ru et bgt yak. Uda ulng puluhan kli pdhal...
Moch Syafii,3,2023-09-04 05:48:25,assalamualaikum aplikasi tidak bisa di buka di hapus juga tidak bisa
Nurul Etika,1,2023-09-04 05:44:40,"Belum kondusif, scan muka sja tidak bisa, sedikit2 eror"
Jajang Jaelani,2,2023-09-04 04:01:43,"Versi 6.18 ini crash di Android 11 & 13 Google Pixel 4A. Untungnya saya masih ada backup apk vérsi 6.17, hal seperti ini suka terjadi beberapa kali, jadi untuk antisipasi sebelum update saya backup dulu versi Apk sebelumnya. Mohon untuk segera diperbaiki. Terimakasih"
Putra Akhiar,1,2023-09-04 02:15:34,"Ada masalah apa BSI, bayar Shopee uang kepotong Tapi Duit blom masuk ke req tujuan ?"
Parta Doang Dong,1,2023-09-03 23:01:16,"Bsi makin gak beres nih,,tabungan saya dr saldo driver gojek setiap 2minggu cair tp sering telat.awal potongan tanggal 18agustus seharus 14hari cair tanggal 31agustus tp lom masuk ke rekening hari ini tanggal 2september sampe 100x ngecek masih gk masuk pdhl lg butuh duit..klo gini caranya kepengen distop ja tabungan nya mw pindah ke BRI aja yg lbh berkualitas kerjanya..duit rakyat miskin aja msh ditahan"",nama doang bank syariah tp realitanya zhalim..all: jngn ada yg buka rekening di bsi"
Muchlis Hamid,2,2023-09-03 18:16:08,Perlu peningkatan pelayanan kembali
Riza Irwani (Teh Rija),5,2023-09-03 17:01:49,Alhamdulillah memudahkan saya
SALEH ADRI,1,2023-09-03 13:36:45,saya sangat kecewa sekali sama layanan bsi.saya udah melakukan top up sebesar 200ribu ke dana belum masuk sampai sekarang padahal saldo saya udah terpotong mohon bsi layanan nya segera di perbaiki kami sebagai nasabah benar2 membutuhkan uang itu.
One Zero,1,2023-09-03 12:39:29,Woi!! Kenapa aplikasinya tidak bisa di uninstal??
Ari Prastiya,1,2023-09-03 12:01:25,Ribet mau bukak rek di refresh ke aceh mulu
Rosadi Sampurno,1,2023-09-03 11:41:23,"Aktivasi BSI Mobile sangat bagus sekali, kemarin nanya di CS gak perlu datang ke CS karena bisa aktivasi sendiri. hasilnya coba aktivasi sendiri, data2 yang diisi sudah benar dan gak bisa aktivasi dong, telpon ke call center juga gak membantu banget lho karena bilangnya bisa dilakukan secara mandiri begitu dibilang data sudah benar semuanya disuruh ke Cabang dong jadi yang dinamakan mandiri itu seperti ini ya.. Luar biasa layanan dari BSI benar2 Paripurna busuknya.. Terima kasih BSI.."
Rochman Budianto,1,2023-09-03 08:36:52,Bug freeze harap diperbaiki
Nahrul Fikri,1,2023-09-03 07:06:52,"Tidak bisa aktivasi, invalid parameter."
Yesy Diah Rosita,1,2023-09-03 06:45:22,Mohon ditingkatkan kembali performance aplikasi untuk aktivasi karena sangat mengecewakan nasabah. Terima kasih
Sham Sudin,2,2023-09-03 05:20:22,"Susah bangat buat bikin bsimobile aja,udah 3 hari,selalu keluar pemberitahuan data tidak sesuai padahal udah benar semua.."
Joko Susilo Susi,3,2023-09-03 05:08:30,Kok g bisa di buka ya bos
M RIZAL,1,2023-09-03 03:59:28,APK TIDAK JELAS. MAU AKTIFASI SAJA TIDAK BISA. . UDAH KE KANTOR BSI TERDEKAT PUN. TIDAK BISA JUGA..
Lestari Yuningsi,5,2023-09-03 00:03:39,Ok
Fauzan Achmad Nudja,5,2023-09-02 23:33:23,Sangat membantu
jenk gaming,1,2023-09-02 22:24:55,Screen loading lama
Tyo Alfar,1,2023-09-02 17:12:36,"Ga Lagi² make BSI. Top-up E-WALET saldo udah berkurang tapi ga masuk². Sudah bikin laporan pengaduan tapi gabisa juga. Ini bukan masalah nominal, tapi masalah kepercayaan. Orang kalau sudah di kecewain bahaya"
Iksan Udin,1,2023-09-02 12:43:53,mengapa top up dana tidak terkirim. padahal status sudah terkirim... sedih saya harus kehilangan
Nida Khoirunnisa,5,2023-09-02 12:18:17,Alhamdulillah ☺
Baca Komik,1,2023-09-02 11:02:30,"Sering kali mengalami gangguan, tidak dioptimalkan dengan sesegera mungkin."
Rizma Nur hijriyah,1,2023-09-02 09:36:33,"Aneh masa transaksi di apk dana nya ga ada trus riwayat nya juga ga ada, tapi aneh nya berkurang tabungan"
Iyus Trisiyanto,5,2023-09-02 09:05:22,"Mau buka tabungan,,nasabah baru,,tolong dipermudah aksesnya ya,,,terima kasih.."
Edy Kedoy,1,2023-09-02 07:02:55,"Sulit buat verifikasi 2x video call ngak nyambung audionya,vc wa lancar vc mesenger aman lha vc bsi ngak kedengaran katanya."
Putra,1,2023-09-02 06:52:56,Nagapa teransaksi sering eror
abdulah sukarman,1,2023-09-02 06:21:21,Q ris sama top up e wallet selalu gagal
Mas Srn,1,2023-09-02 04:41:41,"Tombol keyboard cek saldo ga muncul, ga bisa cek saldo"
Deni Kamaludin Jamil,2,2023-09-02 04:36:08,"Males, gangguan mulu"
Mhd Mirza,1,2023-09-02 02:50:10,"Ribet banget aktivasi BSI mobile tidak bisa bisa, yang bikin kesal udah 2 kali bolak balik ke bank, padahal kita sibuk gak bisa ke bank tapi harus ke bank lagi setelah 2 kali bolak balik. 😟. Saya buka BSI karna perlu BSI mobile kalo gak bisa juga mending saya tutup rekening, dan pindah ke bank digital yang lebih simpel dan gak bakalan di tolak aktivasi aplikasi bank nya. Sekali lagi saya ulangi saya hanya butuh BSI mobile, di era sekarang semuanya saya butuh yang digital"
Sabrina Nur R.,1,2023-09-02 02:05:28,"Sistem nya ini gimana sih setiap mau melakukan aktivasi selalu salah data yg salah, padahal sudah sesuai yg saya isi di data nya. Tolong diperbaiki sistem nya"
Muh Yusuf Pratama,1,2023-09-02 01:57:11,"TARIK TUNAI TIDAK KELUAR, TAPI SALDO KEPOTONG APA APA AN. KALIAN YANG BUAT SALAH KITA DISURUH MENUNGGU 5 HARI LAH, 14 HARI LAH..... KALAU ADA BINTANG MINUS SAYA KASIH BINTANG MINUS YANG BANYAKKKKKK"
Heru Purwoko Bandung,2,2023-09-02 01:12:15,"Sampai saat ini hanya utk registrasi saja masih belum bisa, info nya nomor hp berbeda dg yg terdaftar ... Trus aku kudu piye ? Jadi ya 2 dulu sampai bisa registrasi, maaf ya"
Rafa adestia Atin,1,2023-09-01 23:50:35,Kenapa bsi mobile bangking udah 2 hari ini gk bisa dibuka itupun gak ada pemberitahuan sama sekali sangat tidak ramah
Sony Dyana,1,2023-09-01 21:15:08,"Masih gagal registrasi, alasan tidak ada koneksi internet padhl signal full 4g"
arga rasya,1,2023-09-01 15:36:36,setiap mau aktifasi..invalid parameter..
Brt Will,1,2023-09-01 15:32:29,Ko prosesnya lama sekali
Alfan Ghozzali,1,2023-09-01 15:20:17,"Ini kenapa!!!? Kalo malam suka gak bisa di pencet ya.. Aplikasi bisa di buka cuman..... Pas Uadah keluar menu info rekening,bayar,TF,dll Gakbisa ditekan sama sekaliii padahal layar lcd ku aman gak rusak.....😭 padahal lampu indikator pojok kanan suda hijau & juga pakai wifi pun kadan suka gak bisa di tekan... Tpi kalo siang normal"" saja..."
Meli Kartika,2,2023-09-01 15:02:37,"Aplikasinya buat pusing, kemarin mau coba transfer tapi bolak balik katanya sandi saya salah pdhl bner sandi yg dimasukkan. Terus klik lupa sandi dan pesannya harus instal ulang aplikasi karena lupa sandi. Dan alhasil aku uninstal dan aku instal lagi aplikasinya terus pas dibuka nih aplikasi, ribet bgt pake aktivasi lagi, wajah gak bisa terbaca sistem. Tolonglah kalo lupa sandi tuh jgn diarahin untuk instal kembali aplikasi. Terus untuk aktivasi kembali itu mbok ya yg gampang"
agus rapen,1,2023-09-01 13:20:55,Menyesal pernah buka rekening Bsi
Aneuk Nanggroe,1,2023-09-01 12:49:36,Kok susah masuk ya
sunawar wiranata,5,2023-09-01 12:23:19,"Keren, amanah dan pastinya recomend banget"
Teuku Helmi,1,2023-09-01 11:35:05,Pelayanan yang sangat buruk sekali
Sri Asih,2,2023-09-01 10:55:37,"Aduh bsi, saya setor tunai di atm kok uangnya ngga langsung masuk rekening mana sabtu minggu libur ga bisa langsung lapor CS, aduh nih bsi 😓"
Junay Byonix,2,2023-09-01 10:55:17,Gimana cara ny klo kita ganti no hp.tapi no hp sebelum ny saya lupa......
Madd sa,5,2023-09-01 09:41:39,Lumayan Cuma sekali² ngelag
Puput Pujiraa,1,2023-09-01 09:38:42,bikin emosi trs
Nur Bagus Muhamad,1,2023-09-01 09:00:06,Ketika akan membuat rekening Apk selalu keluar dan ada tulisan BSI mobile telah berhenti Mohon untuk segara diperbaiki soalnya apk ini sangat penting bagi pembayaran perkuliahan saya
Ridwan Iwan,1,2023-09-01 07:47:40,He
Khairil Gunawan,4,2023-09-01 07:25:15,Tampilan mutasi dipercantik biar jelas. Tambahkan fitur notifikasi uang masuk lewat email yang bisa diaktifkan via aplikasi. Tidak perlu ke kantor BSI. Ini jamannya digital ga perlu lg kesana kemari cuma buat aktifin hal yg bisa diaktifkan tanpa beresiko seperti notifikasi uang keluar masuk. Tambahkan fitur keamanan lebih ketat. Tambahkan OTP atau 2FA atau sejenisnya. Setiap ada perangkat baru login atau ada perubahan apapun kasih notif ke email / sms. Jangan sampai kayak BRI sering kena hack.
Albert Solo,5,2023-09-01 07:18:58,"Bagus.layanan BSI semakin baik paska gangguan tempo hari,sukur-sukur bisa gratis transfer ke antar bank."
Saidina Saidina,5,2023-09-01 06:49:56,Kereeen
Muhammad Erfan Nurfaizi,1,2023-09-01 06:33:48,"Pin ke blokir karena salah ketik, mau verifikasi ulang harus ke kantor cabang mana jauh banget.. Kurang memuaskan"
elesss suhartati,3,2023-09-01 05:57:54,"Tolong kak, untuk servernya segera diperbaiki ya. Saya berkali-kali coba buat aktivasi tapi selalu gagal. Saya mencoba bukan hanya satu hari saja tapi berhari-hari, tetapi tetap saja tidak berhasil. Terimakasih."
perubahan Nagan Lamie,5,2023-09-01 05:33:53,Saya kurang puas dengan aplikasi ini
M Kaisar,1,2023-09-01 05:26:31,makin kesini makin lol
AK471,2,2023-09-01 04:37:28,Kok jadi malah gak bisa dibuka ya habis di-update?? Force Close...Android 10. Hadeh ada aja.
Dar Kaci,2,2023-09-01 04:28:53,Kenapa ya saya aktivasi bsi tapi keluar invalid parameter pdhal semua benar
Munawar Aceh,5,2023-09-01 04:26:24,Sangat memuaskan
M. Faisal Abimanyu,4,2023-09-01 03:16:31,"aplikasinya udah bagus, berjalan lancar dan sudah minim kendala cuma ada yang menurut saya cukup merugikan, yaitu adanya potongan² sejumlah nominal yang cukup besar, kalau dihitung pertahun bisa tembus hampir 50-100k"
Muhammad Azzam Akbar Assyahid,1,2023-09-01 01:54:12,Selalu error setiap masuk
Hendro Wirawan,5,2023-09-01 01:41:40,Sangat membantu
Arab kawe,2,2023-08-31 22:19:23,Aplikasi gk bisa dibuka tolong dong dibenerin
Suka Riyah,5,2023-08-31 21:10:29,Saya senang menjadi konsumen BSI semoga selalu Amanah Sangat membantu Mudah bertransaksi
TH_MEMEX Gamingg,1,2023-08-31 17:15:04,Data nyangkut dan tidak bisa di bersihkan
Panavia Tornado,4,2023-08-31 15:53:20,"assalamualaikum, wr, wb, mohon maaf menganggu waktunya sebentar, kalau sekiranya sudih dan tak keberatan, saya ingin bertanya. kenapa ko saya tidak bisa menggunakanya BSI mobile? namun sebelumnya bisa, saya juga sudah register ke cabang terdekat. terima kasih."
Udine First,3,2023-08-31 13:58:14,"Maaf *3 dulu ya, disebabkan seperti nya ada bug atau sistem yg perlu diperbaiki, karena sering ditemukan begitu mau masuk aplikasi selalu keluar sendiri, Teruntuk Developer, Mohon Diperbaiki segera ya😁"
Aplikasi Kw,5,2023-08-31 12:51:09,Terimakasih bank syariah Indonesia. Sudah banyak membantu saya. Pelayanan yang sangat baik.
Abu Uwais,1,2023-08-31 11:34:38,"KALAU DI UPDATE JANGAN MEMPERSULIT! INGAT! SIAPAPUN DIRIMU? DIMANAPUN DIRIMU? ALLAHU TA'AALAA SELALU MELIHATMU DAN MENGAWASIMU (AT TAGHAABUN (64) AYAT 2), MALAIKAT SELALU MENCATAT PERBUATANMU (QAAF (50) AYAT 16-18), IBLIS/SETAN SELALU MENGGANGGUMU DAN MENYESATKANMU (AL A'RAAF (7) AYAT 14,16,17)"
Andriaty Selvina,5,2023-08-31 11:16:50,Pelayanannya bagus
erina adji,1,2023-08-31 10:48:57,Sy setor tunai ke ATM. Namu di mobile BSI belum nambah saldonya.. Kenapa begitu ya..
Sukiran,5,2023-08-31 09:37:33,Aplikasinya sudah normal kembali Terima kasih BSI
Zahra Kirana,1,2023-08-31 09:15:14,Rekeningnya tidak bisa ditransfer bank lain 👎
Hardian Refsandy,1,2023-08-31 09:06:12,"Sering bermasalah, mau isi pulsa susah"
Supriyanto Supriyanto,1,2023-08-31 08:23:05,"Sering error, nih skrg malah gk kebuka sama sekali, akhir bulan mw pembukuan malah jadi terhambat 👎👎👎"
figter monky,1,2023-08-31 08:00:38,JELEK buruk sekalii
Junod Reborn,3,2023-08-31 07:59:53,Assalamu'alaikum Dear BSI.. Knp ktika sya update. Kok dimintai kmbali verifikasi data/aktifasi.dan ketika verifikasi wajah sllu gagal pdahal penerangan normal. Dan akhirnya ke alternatif vidiocall atau ke cabang utk aktifasi Bsi mobile. Dan pas coba cara vidiocall pun gagal pdahal sinyal penuh mnggunakan paket data maupun wifi. Klo ke cbg bikin wktu terbuang kmbli hny utk skedar aktifasi. Semoga kedepannya hal hal sperti ini lbih di perbaiki sistemnya.terimakasih.
Herni Herawati,4,2023-08-31 07:36:43,Kenpaa yaa mau daftar mbanking nya selalu ga bisaa. Padahal udh ikutin semua petunjuknya
Layar Kaca,1,2023-08-31 07:02:58,"Sering banget bermasalah, dan parah nya lagi tf saldo kepotong uangnya tidak masuk, sangat sangat merugikan, sudah buat laporan malah disuruh menunggu👎"
Abu Haitsam Iqbal,1,2023-08-31 06:06:34,"Kok hari ini bsi mobile dak bs dibuka, tak coba update tambah dak bs. Coba transaksi di ATM gagal juga. Gmn nih??? Aku butuh transaksi , mohon bantuannya"
Achmad Chairul Hanafi,5,2023-08-31 06:06:14,Tambah Fitur Notifikasi Rek. masuk dan kluar di smartphone..biar lebih gampang tnpa hrs cek mutasi lg..
endang dwi,4,2023-08-31 05:49:33,"Assalamualaikum maaf saya kasih bintang 4 karena saya tidak bisa masuk dalam Aplikasi apakah ad perbaikan hari ini, kalau bisa secepatnya di perbaiki. Dan kalau bisa di berikan pemberitahuan kalau ad perbaikan"
Meutika Rahma,1,2023-08-31 05:32:09,"apaansih aplikasi gajelas bgt, orang lagi butuh tapi gabisa dibuka sampe sekarang, malah salhin sinyal padahal udah bagus, cob dong diperbaiki bsi bermasalah terus lama2 nasabah jd males dan pergi!"
Ahda hilmiyatu Rosida,1,2023-08-31 05:29:49,Aplikasi tidak dapat update
mamakembar 25,5,2023-08-31 05:29:21,Mantap dan membantu sekali disegala hal
Fitri My mot,1,2023-08-31 05:28:45,Kenapa bermasalah m banking nya ya tulisan di papan clipport nya kehabisan waktu
dark princess,4,2023-08-31 05:28:37,"Nggak bisa dibuka m banking nya, kadang error. Tolong diperbaiki lagi ya"
Ahmad Romadhon,1,2023-08-31 05:27:45,Harus minta aktivasi ulang biar bisa login. Apakah ini hanya pembaharuan tampilan saja (migrasi ke BSI)?
Ummul Inayah,2,2023-08-31 05:27:06,Knp sering eror bsi
Firdaus Imam,1,2023-08-31 05:26:07,Orang lagi butuh uang malah ngga bisa d pake ini mbanking bangke
Abdul Qoyyum,5,2023-08-31 05:26:07,Keren
aroel ramadhana,1,2023-08-31 05:25:53,"pas lg di butuhin malah gak bisa, permintaan kehabisan waktu terus, sdh di update masih sama aja 🤦"
Muhamad Amrizal Nahar,1,2023-08-31 05:25:49,"Tidak ramah pengguna, buka aplikasi permintaan kehabisan waktu, terlalu banyak input password dan pin ketika mengakses semua menu, padahal di apk lain tidak seperti itu juga metodenya."
Tries Studio,1,2023-08-31 05:25:39,Parah aplikasihnya .... Tolonglah diperbaiki susah sekali untuk login
poetra 666,1,2023-08-31 05:25:14,Bank 1000 Drama hari ini mobile banking nya ga bisa di buka hahaha
Fathur Roziy,1,2023-08-31 05:25:07,Kenapa apk bsi mobile punya saya eror
ZULMADINAH EVANAHONG,5,2023-08-31 05:23:24,Kenapa aplikasi BSI tidak bisa di buka
Muhammad Kasyafi,1,2023-08-31 05:20:46,"Buka aplikasi nya tiba tiba tulisannya , INFORMASI PERMINTAAN KEHABISAN WAKTU 1. Uninstall Aplikasi Install ulang lewat playstore buka lagi tulisan INFORMASI nya makin cepet dan nggak bisa dibuka ulang 2. Telepon 14040 Telepon Call Center dan kasih tau kendala nya eh disuruh tunggu 30 menit - 1 Jam karena sedang ada maintenance, PADAHAL UDAH DARI SEMINGGU KEMARIN JAWABAN NYA SAMA 3.Buka Website bankbsi.co.id Live Chat Dengan Bot AISYAH isi nama,nomor dan gmail connecting NGGAK BISA JUGA"
chypuy MotoVlog,1,2023-08-31 05:20:27,Ini dulu ajh sering ngebug gak bisa ke buja
Suliadi Mbo,5,2023-08-31 05:19:08,Bagus
dimassurya76 _,1,2023-08-31 05:17:52,Mbanking yang sangat lelet
Indra Herdiansyah,1,2023-08-31 05:17:47,"akhir bln mlah ga bisa dibuka.payah ,upgrade donk kwalitas apps nya"
Ambo Asis,1,2023-08-31 05:17:44,Baru juga seneng udah bisa login ke akun setelah sekian lama gak bisa di pakai eh malah eror lagi ni aplikasi hadehhhhhhh
Dina Rizqia Ulfa,1,2023-08-31 05:17:36,BSI TOLONG DONG SAYA MAU CEK SALDO TAPI GANGGUAN TRUS
NizamRazka Wibowo,1,2023-08-31 05:17:23,habis di update kok jadi susah mau masuk ke apl nya..hadeeuuhhh
Agisna Abdullah,5,2023-08-31 05:16:56,semog gak gangguang lagi
Nabila Imbyar,1,2023-08-31 05:15:12,Sering gangguan 😡
may sarah,1,2023-08-31 05:13:13,Permintaan lain waktu itu maksud ny apa yah harus ke bank ny kah ini
Bagi Chip,1,2023-08-31 05:13:04,Kan dah mulai lg hank nya
Frans Gabriel,1,2023-08-31 05:12:18,"Tidak bisa masuk ke aplikasi,selalu saja Permintaan kehabisan waktu"
Noor Farida,4,2023-08-31 05:12:16,"Tiba "" Gk bisa buka (permintaan kehabisan waktu)"
Singgih Jalu,4,2023-08-31 05:11:36,Kenapa nggak bisa di akses
Agung safaat,3,2023-08-31 05:10:35,Lah ini kenapa tidak bisa masuk terus??????
Rikarosita rosita,3,2023-08-31 05:09:43,Apk nya selalu eror
riski nopriandi,5,2023-08-31 05:09:05,Mohon bantuannya kenapa setiap buka aplikasi BSI mobile tidak bisa keluar notif season anda berakhir jadi nggak bisa masuk apk mohon solusinya terimakasih
Randy Iraone,3,2023-08-31 05:09:04,Ini kenapa daritadi gabisa di buka ya? Permintaan kehabisan waktu terus.. Hadeuh padahal lagi urgent...
MOH. FADLAN,1,2023-08-31 05:08:16,Apknya Napa eror mulu ngentod
Riska suryo Prayogo,1,2023-08-31 05:07:50,"Ya allah lagi butuh transaksi knp ofline trus,,kbanyakan ofline sekarang bsi,,31/8/23 offline aduh,"
Badai Ksp,2,2023-08-31 05:07:37,Hali kk..knpa BSI MOBILE .sayabtdk bisa di buka ya
Redi Fian02,1,2023-08-31 05:07:13,Banyak bgt gangguan nya sehingga tidak dapat di bukaa gimana ini !!
Eddo Mujihariyanto,1,2023-08-31 05:06:27,Keabisan waktu terus dan gak jelas ini
Cunada Dacosta,5,2023-08-31 05:05:17,Erros trs
abdul rofik,2,2023-08-31 05:04:14,"ini kenapa request time out trus min, pdhal mau dipake transfer."
parlina lina,1,2023-08-31 05:03:27,Sering errror
Syukron Piardja,1,2023-08-31 05:02:51,Ini kenapa hari ini ga bisa di buka aplikasi nya?
Maysyah Putri,5,2023-08-31 05:02:48,"Sangat membantu, dn mudah"
Yacop Sugianto,1,2023-08-31 05:01:44,"Banking sering error , kalo habis gajian susah di bukak , mau tranfer jadi keganggu , giliran saldo sdh egk ada gampang keluar masuk aplikasinya😂"
MA 87,1,2023-08-31 05:01:04,Setiap awal bulan pasti bermasalah...tdk lama nasabah pindah semua ke BCA klo bgini
Gali Akunhp,5,2023-08-31 05:00:50,Bagus
Indah,3,2023-08-31 05:00:17,"admin, ini kenapa aplikasi bsi saya gak bisa di buka ya? setelah di update malah error. tolong bantuannya"
Masdar Mursitto,1,2023-08-31 05:00:07,"ini kenapa aplikasinya gak bisa dibuka udah aku refres, dan aku ulang berkali kali tetep gak bisa masuk , keterangannya ( permintaan kehabisan waktu ) tolong bantuannya"
SAFRII BaCodd,1,2023-08-31 04:59:49,Sering kali gangguan jadi nya susah kalo lagi perlu ga bisa di gunakan aplikasi nya
masfiyah fifi,3,2023-08-31 04:59:48,"Apa yang harus dilakukan ketika membuka aplikasi BSI lalu muncul tulisan Informasi ""Permintaan kehabisan waktu"" Tidak ada pilihan selain Ok, alhasil aplikasi tidak bisa dibuka dan digunakan?"
Resa Lestari,5,2023-08-31 04:59:41,Kenapa mau masuk bsi mobile gak bisa trus
Nia Farchanita,4,2023-08-31 04:57:25,Sebeeel dehhhhhh kalo lagi gentingggg tbtb gak bisa dibukaaaaa hhhh!!
Yati Azlan,3,2023-08-31 04:56:46,Bagus
Muhammad Imam Khairi,5,2023-08-31 04:56:23,tapi kadang error:(
fariz maricar,1,2023-08-31 04:55:51,BSI mobile nya sering gangguan
Hesty Rismayanti,1,2023-08-31 04:55:16,"error mulu Selalu saja permintaan kehabisan waktu, udah di reset hp nya, udah di uninstal aplikasinya tetap aja permintaan kehabisan watu"
Rifki Irpandi,1,2023-08-31 04:55:11,"Tidak bisa masuk aplikasi, error ""Permintaan Habis Waktu"" terus. Sudah di install uninstall, masih sama aja."
Dina Masterphone,1,2023-08-31 04:55:00,Gajelas. Lagi Butuh mendesak malah ga bisa di buka!
W _,1,2023-08-31 04:54:35,"pilih kasih bgt, ya tau hp gua butut, ini gabisa dipake lg"
soenarto darmokusumo,1,2023-08-31 04:54:04,"Gak bisa buka aplikasinya selalu muncul notif ""Permintaan Kehabisan Waktu"", udah ganti berbagai macam jaringan juga sama aja haduuh"
Ahmad Rifqi,3,2023-08-31 04:53:55,sering error
Budi Hartono,5,2023-08-31 04:53:55,Tolong aplikasi nya dibenatkan kecewa lht bsi
Ilham Iam,4,2023-08-31 04:50:38,Ok
Ryan Ganteng (Tamvan),1,2023-08-31 04:50:21,Kenapa susah kali sih fi buka aplikasinya
Mohd. Jamil.,1,2023-08-31 04:48:55,"Ini lah BSI rusak,bentar2 gangguan.kita butuh gangguan.rusak betol."
Ghost 1911,2,2023-08-31 04:48:36,"Ngak mbanking nya gak mesin ATM nya sama aja sering eror, narik gak bisa ... Payaahh"
Nurrahmatkginting,1,2023-08-31 04:47:43,Asal mau dibuka selalu permintaan kehabisan waktu
Nur Hidayatuloh,1,2023-08-31 04:47:10,kenapa bsi mobile eror ndak bisa login
Lanang Sumantri,1,2023-08-31 04:44:39,"Kenapa aplikasi saya tidak bisa dibuka selalu saja muncul tulisan ""permintaan kehabisan waktu"""
Firna Merrya,1,2023-08-31 04:43:23,"Di update bukan tambah bagus, jadi tambah lemot. Setiap buka aplikasi selalu muncul tulisan ""permintaan kehabisan waktu"". Sebelum di update biasa aja"
Muhammad Zaini,2,2023-08-31 04:43:13,"Udah beberapa kali kek gini, gak bisa masuk BSI mobile, permintaan kehabisan waktu. Apaan dah, kalau mendesak dan gak bisa ke ATM kan ngandalin mobile. Jadi kecewa sekelas BSI mobile kek gini."
Daud Eka,4,2023-08-31 04:42:23,Knapa mau cek saldo waktu habis trus ya min mohon pencerahan nya
TPQ AL-MAIMUN,5,2023-08-31 04:40:52,Semoga bermanfaat dan berkah
Miki Harian,1,2023-08-31 04:39:33,"Tolong ditingkatkan kualitas server atau hindari maintenance di jam sibuk, sering banget gangguan ketika lagi butuh buat transaksi. Pesan error yang tampil di aplikasi: ""Permintaan kehabisan waktu"". Terjadi di android dan Kondisi internet lancar. Terima kasih."
Rizky Kusuma,1,2023-08-31 04:39:07,"Atm sama M Banking Nya sering Eror, kjdian barusan Saya mau narik Uang Gaji Di ATM BSI ehhh pas mau narik Uang nya gak kluar Tpi Saldo nya kepotong, Apes banget lgi butuh Uang gaji malah kjdian gini mana nunggu lama lgi report dri BSI nya 5-14 hari kerja, haduhh Gak mutu banget Bank satu ini"
bangmolen Sheenting,1,2023-08-31 04:37:54,Apa coba padahal jaringan stabil d pake buka yg lain enak² aja giliran d pakek buka ni apk banking malah request time out terus benerin lah ni apk banking ga jelas
agustina dahroni,3,2023-08-31 04:35:13,"Kak knp ada kendala lagi.. mau buka mobil bngkng gak bisa, ada kendala kehabisan waktu lagi...😭"
andi sunendi,2,2023-08-31 04:33:53,Kenapa aplikasinya gak bisa dibuka
Dodi Saputra,1,2023-08-31 04:33:35,kenapa ga bs login bsi peringatan kehabisan waktu maksud ny
Muhamad Nartanugraha,1,2023-08-31 04:33:26,Aplikasi sampah
Aryes Pratama,3,2023-08-31 04:33:26,Sangat gampang digunakan dan sangat membantu
Lenihadia Wati,3,2023-08-31 04:33:20,Terlalu sering gangguan...nggak bisa dibuka terus...
desi setyaningsih,1,2023-08-31 04:32:41,"Berkali kali saat mau buka aplikasi nya selalu muncul notif ""permintaan kehabisan waktu"" udh di uninstall dan install ulang tapi tetep kayak gitu. Giliran ke bank udh cuti ekh pas di bank dia bisa, terus besok an nya gak bisa lagi. Haduh please banget ini ada masalah apa sih? Ngeri kejadian bulan Mei itu terulang lagi..."
Riswandi,3,2023-08-31 04:32:09,Bsi mobile saya hari ini ga bisa dibuka ya? Tulisannya permintaan kehabisan waktu terus
Aldi Firman Fauzi,3,2023-08-31 04:32:07,Kenapa gak bisa di buka bsi? Eror lagi?
Fuad Asari,5,2023-08-31 04:31:53,Ok
Saputra 11,1,2023-08-31 04:30:58,Aplikasi ga jelas sering bgt error.ini IT ya bisa kerja ga?
Zia Arifki,1,2023-08-31 04:30:12,"Hari ni bermasalah lagi, gamau masuk keu banking"
zuhal wardhana,2,2023-08-31 04:29:50,Susah dibuka .... Selalu ada permintaan kehabisan waktu padahal sinyal bagus atabil
Adamroyan Setiawan,1,2023-08-31 04:29:14,Kemarin bisa di gunakan aplikasi nya sekarang nggak bisa di gunakan .tolong cari IT nya yg bener jgn pekerjakan orang IT yang yg masih bertahap belajar . Kaya gini kan jadi susah harus ke ATM dulu
Ravel Alfarisy F R,2,2023-08-31 04:28:56,Ketika buka aplikasi BSI mobile muncul notifikasi permintaan kehabisan waktu
Ita rosita,2,2023-08-31 04:27:56,"Kenapa gk bisa si buka ya aplikasinya,setiap mau di buka pasti permintaan kehabisan waktu"
Rohim Gamer,1,2023-08-31 04:27:15,Sering gangguan haduh wawaw
Muhammad Nabil Adcha,1,2023-08-31 04:27:07,HEH EROR MULU SATTT!!!!!
irfan adian,4,2023-08-31 04:27:03,"Aplikasi ini lengkap, hanya yang suka bikin takut adalah pada saat transaksi pin di minta untu diisi diawal ini agak ngeri siih sebetulnya, saran seperti yng lain aja, user buta transaksi dan setelah yakin baru pin diminta... Cayoo"
Suju Return,3,2023-08-31 04:26:09,"Ayo dong, masa mau begini begini ajh. Apa2 eror, kehabisan waktu."
Risda Nasution,1,2023-08-31 04:25:42,Kenapa pemberitahuan permintaan kehabisan waktu
Noviyani Nuraeni,3,2023-08-31 04:25:20,Sering eror n lemot bgt g recommended
Ahmad Ahmad,5,2023-08-31 04:25:05,Mantab
Deni Fathandi,1,2023-08-31 04:23:58,Apk nya ga jelas tidak bisa di buka terus
Anggi arno Ekananda,1,2023-08-31 04:23:53,Ayolah bsi jangan sedikit sedikit gangguan terus lama lama kabur nasabah kalian
sabrina salsabila riska maulani,1,2023-08-31 04:23:29,eror mulu aplikasinya.. payah
Yogi Rafriadi,1,2023-08-31 04:21:02,"Ini kenapa setiap dibuka tulisannya ""permintaan kehabisan waktu"" terus ya"
Hikam Abqory,1,2023-08-31 04:19:42,Tolong bsi mobile di maintenance dengan baik ya. Sering error Mending pakai bank lain kalau seperti ini terus
Delapan Tone,3,2023-08-31 04:18:38,"Bsi error. Permintaan kehabisan waktu terus, padahal jaringan ok. Padahal mau narik gajian"
Desi Fahera,1,2023-08-31 04:18:29,Lemot banget abis di update padahal sinyal lancar
Henty Martiana,1,2023-08-31 04:18:27,"M-banking eror, parah BSI"
Rizki Yusron,2,2023-08-31 04:17:52,"Sast masukan kode otp salah terus, padahal sudah sesuai, sampai 7x lebih"
Damian Ce,1,2023-08-31 04:17:30,"Kenapa pas kita ganti HP dan masukan data ke aplikasi yg sudah diinstal di HP yg baru kok gk bisa, katanya data yg anda masukan tidak valid. Padahal kita masukan data sesuai KTP dan nomor NIK nya. Giliran dapat diaktivasi di bank pas buka aplikasi katanya batas permintaan waktu habis. 👎🏾"
Azet Hada,1,2023-08-31 04:16:46,Nggk bisa dibuka aplikasinya. Duit disitu semua lagi.... :''. Sulit emang.... Lagi maintenance kah?
Elyyaninovita saa,5,2023-08-31 04:16:43,I like it
Bujang Satria,1,2023-08-31 04:16:34,BSI eror mlu
Fitri Hikmayati,1,2023-08-31 04:15:41,"Susah masuk m banking, Ket 'permintaan waktu habis' terus ada mau 30mnt"
43_Laras Alifiya Zahrok,3,2023-08-31 04:15:05,"Mau aktivasi pasti permintaan waktu sudah habis terus, lama banget loading nya"
Zubair Abdullah,1,2023-08-31 04:14:56,Sering erorrr
usup widodo,2,2023-08-31 04:13:52,Loading nya lama
Andika Wigandini,2,2023-08-31 04:11:59,Aplikasi hobinya gangguan+error ckck
reza salsabila,1,2023-08-31 04:11:49,sering susah sinyal
Ghost Suzer,1,2023-08-31 04:10:45,Sudah mulai gangguan lagi.. Kok Error Mulu nih Apk.. 😬
sai ful,1,2023-08-31 04:09:44,"Tanpa alasan yang jelas, selalu keluar notif permintaan habis waktu, Sulit sekali lakukan transaksi 😤"
RIYAN AMIER,1,2023-08-31 04:08:21,Ngk bisa login permintaan waktu habis
Saep Pudin91,2,2023-08-31 04:04:13,Ko ga bisa kebuka BSI MObile
kucing hutan,1,2023-08-31 04:02:53,"Jaringan paling buruk, yaaa.. Di layanan ini"
titan aminu,1,2023-08-31 04:01:28,Apakah gangguan?
Ari Oktafian,1,2023-08-31 03:59:23,Aplikasi mobile eror terus Minta waktu mulu
Rosmidar Armelo 2,3,2023-08-31 03:58:53,Kenapa kok ga bisa di buka
Amni Ibnu,1,2023-08-31 03:56:05,Saya baru download tapi ngga bisa di buka yg keluar cuma tampilan depan BSI doang ngga bisa di apa2in. Ini maksudnya gmna sih BSI kok makin ribet ya
Ali Shodikin,3,2023-08-31 03:50:30,"Susah login, sesi sdh habis trus , Aplikasinya agak berat"
Santi Sabyan,1,2023-08-31 03:49:07,App nya bikin sabbar sekali..lagi di butuhkan malah error'
Ade Hendra,5,2023-08-31 03:39:24,"Serba mudah, alhamdulillah tentram maksimal"
dhiya alwan,1,2023-08-31 03:23:28,Permudah dalam pendaftaran udah itu saja
Presiden Nesi Anti Andini,2,2023-08-31 01:36:56,gak d update BSI gak bisa di buka dan harus update setelah di update malah FC serba salah
maming sanmiardjo junior,1,2023-08-31 01:00:59,"Not recommended aplikasinya, ada kontak WA juga ttp diarahkan ke no cs center, tlng diperbaiki lagi pelayanan nya, saat Bank yang lain memudahkan nasabah nya, ini malah menyulitkan"
Shava Husnanizahwa,1,2023-08-31 00:25:39,Aplikasi tidak bisa di uninstall
Ammar sebastian,1,2023-08-31 00:14:11,JELEK NAJIS
Ahmad Suwandi,1,2023-08-30 19:08:15,"Topup emoney gagal, saldo kepotong ratusan ribu, dan bukan kali pertama seperti ini. Mantap BSI."
Jamal Dwi,1,2023-08-30 18:17:07,"Kenapa saat aktavasi aplikasi bsi mobile,,udh mau tahap scan wajah malah jd eror,selalu muncul java security cert,padahal dlu mudah2 aja pasang hapus gak masalah,,padahal data semua udh benar semua."
Irwan Syah,5,2023-08-30 17:38:21,Lupa pin gy mana cara'nya
Jasamas Cell,5,2023-08-30 15:33:45,Berkesan dan bermanfaat.
Jangan mengambil Data informasiku,5,2023-08-30 14:12:16,Gak ada bunga nya kalah sama seabank 7% Investasi deposito
Yovie Kyu,5,2023-08-30 13:51:39,"Saya mendapat masalah ""trust anchor for certification path not found"" saat masuk aktivasi setelah membuat pin mobile. Mohon solusinya."
Rico A.rachman,1,2023-08-30 13:50:43,Stiap login masa suruh aktivasi mulu. Buruk banget. Selalu suruh ngulang aktivasi. Semakin buruk dan jelek. Jelek sangat buruk dan burik
Suyitno Ilham,5,2023-08-30 13:16:42,Good
Sukmawati H.Marsuki,1,2023-08-30 11:55:34,Kenapa aplikasi BSI mobile tdk bsa dibuka
Zahra Fatia,1,2023-08-30 11:35:14,Gabisa login..aplikasi ga jelas
Adriadi,5,2023-08-30 11:30:47,Gagal aktivasi
M. David,2,2023-08-30 10:54:07,lagi tidak bisa buka aplikasi nya????
Sutanto,2,2023-08-30 10:44:52,"Kak tolong di di hp sya ko force close mulu ya padahal sebelumnya²nya engga udh nyoba di hapus data atau instal ulang masi sama force close Device yang saya gunakan realme narzo 20, os realme ui 2.0, android 11"
herlis ningsih,2,2023-08-30 08:10:18,"Kapan BSI Mobile Update Tampilan,Tampilan BSI mobile sekarang kurang supel,kurang modern kayak masih tahun 2010 an,Cek saldo susah harus input pin,cek mutasi susah gak kayak bank lain yang lebih mudah contohnys Livin sama Mybca"
Ardias Saputra,1,2023-08-30 07:25:34,tertulis nomer ktp tidak terdaftar di dukcapil. memangnya bikin ktp ga semuanya terdaftar ke dukcapil ya?
Muhammad Fathan Hidayatullah Fathan,2,2023-08-30 07:22:45,Mohon hadirkan fitur setor tunai tanpa kartu
Rangga Syahputra,1,2023-08-30 06:32:17,"saya punya buku tabungan ada 4 , knpa sya daftar di BSI , namaku tidak terdaftar di capil ? klo nmaku tidak terdaftar, harusny bank lain nolak jg, tpi ini bisa aja.. hedeh agak lain sendiri BSI"
oka musir,1,2023-08-30 05:19:50,"Prosesnya sangat lambat, awal bulan Juli kemarin bayar pake Qris, saldonya udah terpotong tapi uangnya belum nyampe ke rekening tujuan. Mencoba untuk lapor emang ada gangguan saat itu di BSI nya. Tapi sampai saat ini uangnya belum kembali, udah hampir 1 bulan dengan melapor 2 kali di bank.."
Menik,3,2023-08-30 02:37:28,Aplikasi ini buat transfer gagal² terus knp ya? Padahal sudah di-update
widyastiati farida,5,2023-08-30 00:48:50,Alhamdulillah fiturnya sangat lengkap. Bisa nabung emas juga niyh..asiik
Bag Marzuki,5,2023-08-30 00:33:08,Bagus membantu
Ali Akbar,4,2023-08-30 00:21:29,Baik programnya
Syafi'i Andhika,5,2023-08-30 00:07:49,Good Semuanya
John Maramba Awang,5,2023-08-29 23:35:30,Sangat bagus
Anto Anto,1,2023-08-29 21:37:06,Layanan jelek
Agustian Hidayat,5,2023-08-29 19:14:09,BSI memang the best
Miska Rina,3,2023-08-29 16:33:17,"Saya kasi 3 bintang,Krn agak kecewa sama banking BSI ini Krn saya pernah mengalami kehilangan saldo di rekening,dan sering GX bagus jaringan nya,"
mhmmd Ipan,1,2023-08-29 15:26:32,saya buka bsi mobile berulang kali tapi tulisan nya. bsi mobile gagal di mulai beberapa kali.pulihkan dengan mengosongkan riwayat nya saran itu knpa?
HR. Taufik Mukmin,5,2023-08-29 14:01:52,Koq tidak bisa dibuka
Shalindri Husain,1,2023-08-29 12:25:08,Gimana sih uninstalnya
Evi Afifah,3,2023-08-29 11:52:57,kenapa aplikasinya ga bisa dibuka
Eri Suprianto,5,2023-08-29 11:24:35,terima kasih Apk BSI saya lebih muda bertransaksi dengan mudah tanpa mesti ke bank...
Oredo M33,2,2023-08-29 11:08:38,Udh beberapa xli msh ggall
Sri Sundari,1,2023-08-29 10:47:48,"Sangat mengecewakan. Sudah isi pulsa 15 ribu,sudah pakai SIM 1 dan data seluler tetap smsnya tidak bisa terkirim."
Teguh Pribadi,4,2023-08-29 10:27:43,😄
Rifqi Nuralamsyah,1,2023-08-29 08:50:06,"Aplikasi mbanking paling buruk, sering error, gabisa verifikasi. Udah kalian jangan pake BSI aja sistemnya busuk"
bro indo,3,2023-08-29 06:58:54,"tolong ditambahkan aktivasi pada WA, karena di SMS sering tidak masuk karena bug"
A19 عبد الله عزام الحسيني,1,2023-08-29 06:22:48,"tolong untuk adakan pembaruan aplikasi , karna aplikasi BSI saya tidak dapat dibuka setelah pembaruan sebelumnya"
surian syah,5,2023-08-29 06:21:45,Mudah dalam operasional
12 Elvin Riki CNH,5,2023-08-29 05:54:02,Alhamdulillah sekarang bisa aktivasi dan login tanpa harus datang ke kantor cabang. 😇
Channel76 FNF,1,2023-08-29 05:19:59,Aplikasi tolol!!!...sdh berkali2 mau bayar shopee masuk ke menu e-commerce BSI ini ga bisa2...uang2 gw yg mau gw transfer bukan uang BSi sialan!!!
Sutarni Sutarni,1,2023-08-29 04:47:34,Sering error
Nurlan Djabar,1,2023-08-29 04:27:11,Aktifasinya susah.
Husain MR,3,2023-08-29 04:17:18,Server sering error
Rangga Aditya Wicaksono,1,2023-08-29 04:09:12,"Saya merasa sangat sangat tidak puas terutama hari ini, ketika saya akan membayar tokped melalui bsi, tidak bisa, bahkan disuruh cek saldo dan mutasi, dan sudah saya cek beberapa kali namun masih tetap tidak bisa"
iin andriyanii,1,2023-08-29 03:56:48,"SDH 2 Minggu daftar rekening baru, pdhal katanya cma sampai 1x24 jm.. tapi sampai skrng blm selesai verifikasi.. mau hapus aplikasi TPI tidak bisa terhapuss"
Muhammad Hafizh Ilham,2,2023-08-29 03:51:09,Mau top up dana kok gak bisa payah
Asep Nurdin,2,2023-08-29 03:37:03,"Transaksi top up sering gagal, tidak bisa diproses. Server nya bagaimana ini..???"
Delfino Fino,1,2023-08-29 03:18:16,"Aktivasi sulit untuk di aktifkan. Dan Verifikasi data juga terlalu lama waktu nya,di suruh ngecek secara berkala tapi udah 2 hari masih belum ada kejelasan nya.."
Risnandar Risnandar,1,2023-08-29 02:10:31,Tidak nyaman pakai nya. Sering nge lag dan error.
Febriana Maghfiroh,1,2023-08-29 02:06:49,Kenapa troubel lagi. Keterangan di flip gangguan.
Eka Runita,2,2023-08-29 01:08:15,lebih bagus lg kalau login menggunakan password itu sekali masuk saja. tidak perlu pakai pin setiap akan ganti menu. seperti aplikasi sebelah yg lebih praktis. agak ribet dari satu menu ke menu lain dan selalu diminta pin.
Pian Alfira,4,2023-08-28 23:52:20,Empat bintang buat aplikasinya. Terimakasih atas responnya.
abdul kadir,5,2023-08-28 21:29:02,Sangat mudah di gunakan dan nyaman
Sasanti Utami,1,2023-08-28 17:56:58,Susah verifikasi wajah
Fake Operator,5,2023-08-28 16:00:04,Ok bagus
Abduh Zulfidar Akaha,4,2023-08-28 15:24:05,Sampai kapan errornya?
New King,1,2023-08-28 13:00:05,Aplikasi gk jelas aktivasi sampe berhari hari itu juga belom berhasil mempersulit nasabah asli Ingat ini bank syariah loh barang siaoa yang mempersulit urusan orang lain maka allah akan mempersulit urusannya
Mira Lombok Group,5,2023-08-28 12:27:57,Sangat bagus
Mahardika Bawono,1,2023-08-28 11:59:36,Gak bisa login
Burhan udin,5,2023-08-28 10:48:07,Jazakumullohu Khoiron Katsiiroon
Yuli Langsingnow,3,2023-08-28 10:03:26,Sering error...aplikasi keluar sendiri saat cek saldo
Beras,5,2023-08-28 08:24:48,Alhamdulillaah... tadinya mau saya kasih bintang 1 kalo susah loginnya soalnya yg duluan susah banget loginnya tapi sekarang alhamdulillaah lancar jaya
Andi Ubaedillah,1,2023-08-28 07:58:10,"Bank rusak, duit ku 200rban hilang gitu aja karena top up gopay gaj bisa, jgn pake bank ini dah"
Fahmi Ach,5,2023-08-28 06:52:45,Mudah di gunakan
Kaisa siregar Kaisa,1,2023-08-28 06:48:48,Kok nggak bisa membuat rekening baru lewat BSI mobile
BANG ALENK CR7,5,2023-08-28 06:18:51,Sangat mantap dan cepat
suhairi mirza,1,2023-08-28 06:05:55,...................n........m...n.m....mn.......mn......mm.mn. .ýmnnmyn..m.....y.m.....n.mm.nmýmynmnnmyn.mý....m..mm.m..m...m..mm..mmm.... M...m..m.mmm.........m....... M.mn..
Anggi Indah Mulyani Sari,1,2023-08-28 06:00:20,"Sangat sangat sangat susah melakukan verifikasi wajah, sampai buat kesal."
Sigit Ariyanto,1,2023-08-28 05:47:22,"Aplikasi tidak mendukung dan tidak rekomendasi sedikit-dikit error suruh hapus data ,suruh install ulang ,tetap saja tidak bisa"
thatha minanda,1,2023-08-28 05:01:11,Sudah dari Sabtu sampai Senin Sudah uninstall dan install lagi hingga 5c Tetep g bis
Oke ko,5,2023-08-28 04:57:44,"Sangat bermanfaat apalagi yang baru daftar haji,mudah mudahan kedepan lebih mudah lagi,karena aturan dari pemerintah."
Mr. Crystian Ageng k,2,2023-08-28 04:56:07,"Verifikasi wajah asli aja masih g percaya, harus ke kantor terdekat buat verifikasi 😡"
Maulana _16,1,2023-08-28 04:31:05,Susah untuk aktivasi setiap memasukkan pin selalu salah padahal tidak pernah mengganti pin
A[G]E purnama,1,2023-08-28 04:16:09,"gebleg bener, mau daftar tapi lokasi tangerang kgk ada, kuntul ngerepotin."
Haris Wandi,1,2023-08-28 04:05:22,"Assalamualaikum Maaf sebelumnya BSI sering eror dan juga transfer dikatakan gagal namun saldo rekening terpotong, ini sangat merugikan bagi pengguna akun rekening dimana kami menggunakan aplikasi ini untuk mempermudah kami bukan mempersulit"
Trisna Erningsih,5,2023-08-28 03:24:55,Mantap
dachyar rody,5,2023-08-28 03:10:26,Mantap 👍👍👍
Nurul Wana,5,2023-08-28 02:28:32,Cukup membantu
Edi Alfian,1,2023-08-28 02:12:55,"Verifikasi wajah gak berhasil2,,,apk gak guna"
Nurul Iksan,1,2023-08-27 16:12:19,"satu dulu karna gak amanah, karna sudah banyak saya ajak kawan² buka rekening pakai kode reff tpi saldo gak bertambah, mau heran tpi lu syariah bang amanah dikit"
Zul pikar,5,2023-08-27 13:24:01,Ok
Mulia Tursina,1,2023-08-27 12:40:49,Mau login zha susah..lelet..pdhal jaringan a bagus..masuk keluar masuk jd a
Bang Piyus,1,2023-08-27 12:36:39,Susah dibuka Pakai wifi atau paket data sama aja.. Langsung force close...
Rangga Rachmad Prayoga,5,2023-08-27 12:32:30,"Syariah cuy, yukk merapatt"
YooJin na,3,2023-08-27 08:38:37,"haduh🥲ribet amat ya masuk account nya, ada tes senyum, konfirmasi ini itu, tx bisa kah di buat simple gitu, masukin NO CARD & SANDI / TAMBAH KTP dah kan cukup simple"
Kham Dani,5,2023-08-27 04:34:03,Tidak bisa update apk yg baru
awenk diki,5,2023-08-27 04:20:03,"BSI keren , tidak pernh ada gangguan ataupun semcam nya , Membuat mbanking pun tidak sulit melalui online"
baju baru,3,2023-08-27 03:45:31,Mengapa aplikasi ini sekarang ga bisa diakses ? Dengan OS 5.1. Dan Ini bersifat sementara apa terusan selamanya ?
Di Sulthan Khairan Aulia,3,2023-08-27 02:40:05,"Apa ini kok saldo terpotong², terus juga riwayat terpotong nya kemana tidak ada di daftar mutasi, tapi gak apa² sih karna udah 2X juga masuk uang entah dari mana walaupun cuma 10K, intinya itu rekening jgn di potong² kalau mau di tambahin mah gak masalah"
sumatera group,1,2023-08-26 23:07:28,Aplikasi sering bermasalah sangat tidak recom sebuah aplikasi uang elektronic bermasalah bahaya!!!
muhamad idris,5,2023-08-26 22:42:19,Tingkatkan pelayanan..BSI berjaya
Putri Salsabila,5,2023-08-26 15:02:08,Knp gk bisa dibuka minnnn
AGUS INDIHOME ACEH,1,2023-08-26 13:55:40,Aplikasi ga guna... Sudah tabungan tapi di persulit
Nina Khayatul Virdyna,1,2023-08-26 13:15:17,Sangat penuh kegagalan ribet tidak seperti bank lain
Try Saputra,2,2023-08-26 08:59:46,"Kenapa aplikasi ini jika dihapus tidak bisa, jika klik lupa kata sandi perintahnya di suruh hapus aplikasi, tapi saat dihapus malah tidak bisa. Sangat tidak membantu sekali, padahal hanya lupa kata sandi. Tolong diperbaiki aplikasinya"
Supandi Fandy,2,2023-08-26 08:36:43,Susah di uninstall
Dindin Wardinah,5,2023-08-26 05:52:43,Semoga berjaya selanja
Rezko Halali,1,2023-08-26 05:47:36,Mending di apus buka mbanking aja ga bisa2
haris gunawan,5,2023-08-26 05:37:20,Verry good
agesta,5,2023-08-26 04:48:37,Ok
Uyi Wasturi,1,2023-08-26 03:49:58,"Jelek banget untuk aktivasi di persulit karna harus ambil gambar kamera yang tidak bisa deteksi wajah dengan baik, sampe senyum aja tidak keditek"
Purba Rosma,5,2023-08-26 02:56:51,Bagus
asep septian,5,2023-08-25 22:49:36,Update saldo dari TRANSFERAN BANK LAIN TOLONG DIPERCEPAT
"guffy G,f,y",5,2023-08-25 19:22:22,Sederhana
puspa 7,1,2023-08-25 17:31:09,SAYA TRANSFER SUDAH TERPOTONG UANG TIDAK SAMPAI KE PENERIMA!! BSI APLIKASI TIDAK LAYAK
Sahril Anwar,1,2023-08-25 15:57:29,"Mohon maaf pengaduan komplain saya segera di selesaikan saya transfer dari dana ke BSI uang nya tidak masuk, nominal nya 2.252.000 keterangan di dana sudah sukses tapi ke rek BSI tidak ada mohon segera di tindak lanjut"
donee tebz,1,2023-08-25 15:55:00,"Transfer ke bank lain pake BI Fast g masuk ke rekening tujuan, nyantol entah ada dimana uang saya, pengaduan sudah beberapa hari g di proses... kecewa berat"
Begitulah Kirakiranya,1,2023-08-25 13:20:54,"JANGAN PERNAH BIKIN REKENING DI BANK INI. Payah nih, aplikasi bank kek aplikasi buatan anak sd. Lagaknya aja syariah, penanganan suka bikin rang kesel. Ndak sah dibales reviewnya, malah tmbah bikin kesel ja kalok klean bales."
Medy Hasibuan,1,2023-08-25 11:43:55,"Mohon maaf ni sebelumnya.. Ini aplikasi atau banknya yang suka bermasalah.. knapa saldo saya nol truss pdahal udah ada masuk beberapa kali transferan dan ada sisa saldo. Memang jumlahnya gaj banyak, tapi stidaknya sigaplah sikit untuk menyikapinya.. saldo saya nol trus, padahal pas saya telpon orang yang kerja di BSI nya katanya saldo saya ada.. jdi gmna cobak"
Jay321 Jay321,5,2023-08-25 10:15:46,Ok
Meytha Krisnupathi,3,2023-08-25 10:15:28,Baru sekalinya memakai aplikasi Mbankingnya BSI stlh dibujuk sekian lamaaa e...mlh ada bug nya...alhasil hrs uninstall...dan g bs masuk lagiii...huhuhu..mengsedih
Shafiqhqq,1,2023-08-25 09:03:32,Mengecewakan
Widy Suryaning,1,2023-08-25 08:19:17,"sering banget eror untuk transfer BI fast, saldo kepotong, daftar mutasi keluar ada tapi gaada keterangan transfer kemana, di cek ke rekening satunya masih masih belum masuk. anehnya pas ke temen bisa, giliran ke rekening sendiri gabisa. 2x kejadian kayak gini. waktu itu smpe harus ngadep ke yayayasan dan problemnya sama. klpun blm masuk ke rekening tujuan, seenggaknya di daftar mutasi bisa ada keterangan tf ke rekening mana. jadi pertimbangan lagi mau pakai bsi mobile."
Diyan Ardiyana,1,2023-08-25 07:51:11,Katanya bank syariah atm di blokir di persulit. Masuk mbking ga bisa verifikasi ke 2 nya. Bank apaan ini. Nyesel pake bank ini
Ilyas Muhammad,1,2023-08-25 07:48:53,Kak saya top ap 100k kok masuk di rekening cuma 50k?
Yawmil Atikah,3,2023-08-25 07:37:24,Kenapa saya tidak bisa masuk apk nya
Yu Lia,5,2023-08-25 06:35:34,Aplikasi yg sangat membantu nasabah dalam bertransaksi.
agus kusaeri,5,2023-08-25 06:21:44,Pelayanan bagus. Terimakasih
Bebry Yanti,1,2023-08-25 05:38:52,Ketika kita beli ponsel baru atau keinstal ulang ponsel nya buat masuk ke bsi mobile nya harus lakukan aktivasi lagi begitu seterus nya belum lagi harus datangi kantor cabang sangat ribet menyita waktu kalo bisa di perbaiki sistem nya begitu download kembali di ponsel bisa otomatis masuk ke akun bsi mobile kita biar full nanti bintang nya
Mustika Wahyu Jati,5,2023-08-25 04:49:07,"Paling nyaman transaksi mbanking gini, buat gen Z cashless saat transaksi sangat membantu banget sih ini. apalagi kalau mau top up e wallet tinggal klik aja semudah itu. fitur semakin simple dan praktis"
Kubud,1,2023-08-25 04:27:29,Transferan kenapa bisa tidak masuk
Wisnowidayat Hadeyanto,4,2023-08-25 03:53:56,Slow respon.
Agung Priyoto,1,2023-08-25 03:26:17,Tolong dong pihak bank BSI mobile banking nya tolong pelayanannya di tingkat kan lagi kalo mau transaksi atau tranfer sering gagal saldo sudah terpotong tapi ngak masuk ke rekening tujuan. Mau nya pegan cepat eehh tau nya lambat dan ribet hedeeehh paya
Muhammad Dodo Rayza,5,2023-08-25 03:14:04,Kok transfer ke bank lokal gak ada ya
Siti Muhajaroh,5,2023-08-25 02:57:27,Ok
sri hartono,5,2023-08-25 02:15:14,Ook
hendri yanto1981,5,2023-08-25 01:18:59,Good
Hilal Alfarizq,1,2023-08-25 01:06:31,"Force close terus mau aktivasi mobile bankingnya susah minta ampun,bug,selalu kehabisan waktu terus berulang ulang sampai saya capek MOHON KEBIJAKANYA DEVELOPER PERHATIKAN KINERJA APLIKASI SUPAYA PEMILIK REKENING TIDAK KECEWA!!!!!!!"
kaka isal Gunarsa,1,2023-08-24 15:56:02,Udh gua uninstall tpi ttep install otomatis menuh2in ruang aja apk gk jelas eror bug segala macam gk recommend bgt ya guys buat klian jgn download ni bank gk jelas nnti nyesel
Imam Riadi,5,2023-08-24 13:34:19,"Sejauh ini , ini sih yang paling jauh dan terbaik untuk syariat islam yang berkemajuan🪙"
Julius Sibarani,1,2023-08-24 13:32:19,AI FACE LEMOT BINTANG 1 AI FACE BERASA PINJOL ITUPUN GAK BISA-BISA
Nur Imansyah,5,2023-08-24 12:38:50,Tolong bsm aplikasinya di maintenance
Jama Luddin,5,2023-08-24 11:30:59,Sangat penting dalam bahasa Indonesia
Ahmad Amrina,5,2023-08-24 11:08:41,Baik
Teddy hermawan,1,2023-08-24 09:24:24,Tidak sesuai janji ... Kalau blm pasti jng menjanjikan ke nasabah.
Iskandar Bancin,1,2023-08-24 05:54:34,"Setelah download tidak bisa di buka,di suruh hapus history,tidak bisa di buka gimana hapus story' nya,tolong solusi nya"
Selikatias Sukamti,5,2023-08-24 05:42:38,Ok
Rahma Nurfadila,1,2023-08-24 05:16:32,Pas aplikasi di buka selalu keluar sendiri padahal baru di Download
A Rahman,1,2023-08-24 04:48:09,Setelah update Device Saya redmi 9 kenapa tidak bisa install aplikasi nya??? Parah sekali developer aplikasi nya sekelas bank plat merah!!!🤦‍♂️
Dede Dede pulu,3,2023-08-24 04:47:26,TT
Joyo Kusumo,4,2023-08-24 04:31:43,Saya dah daftar..dah berhasil..tp nunggu verifikasi data lama bgt..mohon bantuanya..pengajuan buka rekening dah selesei..tp dh 2 minggu proses verifikasi blm kelar juga..
muzayin fatin,5,2023-08-24 04:15:26,Ok
Wayan Aryadi,5,2023-08-24 04:09:12,Kode in saya tidak ada bagaimana solusi nya?
Edy Suwongso,5,2023-08-24 03:21:06,Mantap
arsya priyusa,1,2023-08-24 01:27:11,maaf ko saya abis perbarui versi malah gabisa masuk ke apknya ya?
Asnawi Aljawi,5,2023-08-24 00:58:44,"Alasannya , setiap kami Cek selalu aktif sekalipun kurang sinyal ..Syukron"
Evani HR,1,2023-08-24 00:15:18,Apaan sih. Dpake g bisa. Aktivasi smpai berkali2 sy. D nonaktifkan jg g bisa. Maunya apa??????? Zonkkkk!!!!
Robby Buds,5,2023-08-23 16:23:27,Sdh membaik
SDD Channel,5,2023-08-23 15:46:08,mudah sekali menggunakan aplikasi ini untuk umat muslim dan untuk menghindari riba
Angga chanel,1,2023-08-23 14:02:27,Mau login susahhh
Ftria Ylnda,5,2023-08-23 13:37:15,Kenapa perangkat saya tidak bisa aktivasi akun bank saya
Hasil Bumi,5,2023-08-23 13:33:17,Alhamdulillah ahirnya bisa juga aktivasi BSI gara gara keriset... Trims BSI sukses buat BSI selalu dihati... Udah ke kantor cabang gak bisa Trus pulang kerumah... Iseng iseng di download lagi ahirnya aktivasi sukses lancar jaya Sipp pokonya BSI BSI BSI Slalu dihati
anggar nuarika,1,2023-08-23 12:59:36,Sangat tidak membantu
Delong Lekuk,4,2023-08-23 12:37:46,Sering ada gangun tapi lumayan klo lagi bagus jaringanya
Game Account,2,2023-08-23 07:43:36,Masih terdapat bug keluar sendiri saat mau transfer beda bank
Rangga Al Yasir,3,2023-08-23 07:11:28,Pas di update aplikasi jadi tidak bisa di buka lagi kenapa ya?
Hafizh Mu'tashim,2,2023-08-23 06:35:03,"Aktivasi online lemot, sering gangguan. Semoga bisa ditingkatkan"
Asraruddin Mukhlis,3,2023-08-23 05:48:56,SAYA KASIH BINTANG 3 KAMU SESUAI DENGAN KESEMPATAN ISI PIN JIKA SALAH..KARENA CUMA 3X AJA CEWE GUWEH KENA BLOKIR.. MANUSIA TIDAK ADA YG SEMPURNA KADANG LUPA DAN LAIN2 TOLONG LAH KASIH 5X BATAS ISI PIN....
Sang Predator,1,2023-08-23 04:25:27,Apk nyeleneh ... semua udh diikutin masih gagal proses
KONAJAY CHANNEL,5,2023-08-23 03:56:58,Aplikasi sangat memudahkan kita
Salman Abdya,1,2023-08-23 03:51:21,Saya kasih bintang satu aja karna aplikasi jelek.saat kita buka aplikasi selalu terhenti.!
Arena Buah,1,2023-08-23 02:19:23,"Aplikasi apaan ni, saya sudah coba berulang2 tetap ga bisa buka rekeningnya"
Yoga kurniawan,2,2023-08-23 01:15:42,maaf ini g bisa login deteksi wajah g bisa gimana ini? loginnya klo deteksi wajah gagal terus
Nizky Aja,5,2023-08-22 23:24:30,Puas 👍👍👍👍
Saifuddin Zuchri,5,2023-08-22 23:10:29,"Alhamdulillah, semakin lengkap fitur2 / menu layanan BSI pada BSI Mobile Banking sehingga lebih memudahkan pelanggannya unt bertransaksi. Semoga semakin terus meningkat dan aman."
Yuniar Tomagola,5,2023-08-22 21:17:30,sangat membantu
Arief Tiyarno,1,2023-08-22 13:49:29,Tidak pernah melayani nasabah dengan baik
"HERI, S.Pd.I",5,2023-08-22 13:12:53,Alhamdulilah
Hisyam Benzema Akadi,5,2023-08-22 12:00:12,Bagus sangat membantu
syafriadi rengat,5,2023-08-22 11:50:06,"Sy kasih 5 bintang,karena semua proses sangat mudah dengan adanya apl ini,,"
Suriyadi SKom,3,2023-08-22 11:35:50,Saya kasih bintang 3 dulu lah krn saya menemukan kendala di saat melakukan penjualan e-mas transaksi gagal terus dgn keterangan minimal penjualan 0.1 gram padahal yg coba saya jual diatas 1 gram. Tolong di evaluasi lagi agar kenyamanan nasabah tetap terjaga dan tidak takut utk terus menambah e-emasnya
Jagad Api,1,2023-08-22 07:22:57,Woyy anak anjink...apk luh bnr2 nyiksa orang lol...!!! Vermuk suruh kedip suruh senyum2 kyk orang gila gw njink...kamera udah bagus gak bisa2 juga...luh becus kgk sih...!!!??? Bikin kecewa aja luh njink....!!! Msh aja nusahin nasabah....
Nine Rizki Aprianti,1,2023-08-22 07:09:29,Sangat tidak memuaskan sering terjadi kendala dalam penarikan uang dan saya sudah mengalaminya dan uang saya tidak kembali
AQadar Rochman,1,2023-08-22 06:55:27,"Kemaren pernah ilang duit di dalamnya 2 x beberapa bulan yg lalu sudah laporan,tp hilang telan waktu....sekarang ambil jaminan pinjaman uang lenyap entah kemana...jd berpikir g aman d Bsi ini..."
iman zengkol,5,2023-08-22 06:19:48,Tingkatkan lagi fitur2 nya
Mega Ratna Wulan Sari,1,2023-08-22 06:00:11,Kenapa tidak ada notifikasi pemberitahuan uang masuk atau uang keluar via email atau lewat nomor telepon. Mohon dilengkapi.
D H,1,2023-08-22 05:14:00,Assalamualaikum kenapa gak bisa aktivasi ya
iqbal iebal,1,2023-08-22 05:05:30,ribet bgt
Ekasari Debby Rapiyati,5,2023-08-22 04:03:09,Siip
Sugiarti Ati,5,2023-08-22 03:53:38,ok
Aldi 1308,1,2023-08-22 03:48:13,Kenapa dihp sya appnya GK BS didownload LG pke hp lain bs tolong donk bntuannya
Bislam Apud,5,2023-08-22 02:58:08,"Sudah ok,datail transaksi ok pertahankan"
Juanda Al-Fathir,1,2023-08-22 01:31:30,"Sudah beberapa hari tidak bisa aktivasi wajah, ribet sekali gaes"
Slamet Winarto,5,2023-08-22 01:21:41,Mudah aman terkendali
Muhammad Abdul japar,1,2023-08-21 15:25:20,Gimna sih kok lama banget konfirmasi nya padahal Uda 3 hari yg lalu bikin nya . Data sudah di trimah konfirmasi belum selesai selesai lambat banget enggak kyk bank sebelah 🌝 kalau uda di konfirmasi saya ubah ulasannya
Joni Farizal,1,2023-08-21 13:47:45,"Suka macet atau gangguan, sangat mengganggu"
Cak Triss Media,5,2023-08-21 12:18:06,Sekarang Aplikasi ini jadi ANDALAN
patoniw,1,2023-08-21 10:05:24,Aplikasi force close.
Dio Ibrahim,2,2023-08-21 07:06:39,Udah di kasih data yg lengkap (data yg anda masukan salah)..?
Azi Pena,3,2023-08-21 06:10:11,"Kenapa transferan dolar jadi lama prosesnya, biasanya sehari setelah terkirim langsung masuk ke rekening?"
Agil Pamungkas,1,2023-08-21 06:03:01,"Transfer via Proxy dan masukan email kok keterangannya tidak terdaftar? Padahal email tersebut udah terdaftar di Proxy BI Fast loh, terus saya Transfer pakai Apl M-Banking lain bisa Transfer via Email, lah ini Apl BSI Mobile Jelek sekali tidak bisa Transfer via Proxy email, saya sebagai nasabah SANGAT KECEWA."
Herry Gunawan,1,2023-08-21 05:53:21,Saya sudah seperti orang gila verifikasi wajah gak berhasil terus giman sich ini bikin nasabah jengkel tolong dong koq dipersulit begini
Nazir Andara,5,2023-08-21 05:20:41,Lebih mudah
Reni Sugiarti,5,2023-08-21 05:06:42,Joooosssdd
Mar'atun Hasanah,5,2023-08-21 04:45:51,Baik
Iqbal Iqbal,1,2023-08-21 04:32:46,Kenapa apk saya tidak bisa di buka
Vhia,1,2023-08-21 04:12:59,Sangat Mengecewakan udah Ribet beberapa kali veripikasi kehabisan waktu Ribetttt pokonya pake BSI ampe pulsa abis buat veripikasi doang Payah !!!
Hadi Permana,2,2023-08-21 04:05:03,Tidak bisa di hapus dan pengen download ulang
Evi Tamala,5,2023-08-21 02:12:14,Makin kereen
Kiboeyoet zhambrong,2,2023-08-20 16:59:50,"Kenapa aplikasi ini tidak bisa di Uninstal,bikin RAM HP saya penuh"
Atika Faya,5,2023-08-20 16:46:28,Tolongdibuka
Syarifah Aini,1,2023-08-20 16:42:11,"Gabisa dihapus, pelayanan kurang bagus. Tutorial tida gampang dimengerti banyak iklan dan susah dipahami(Jokes)"
sarah pavlopeta,4,2023-08-20 14:24:22,"Udah lumayanlah, kemarin susah banget login sekarang dah bisa"
kangdoyo azzahra,4,2023-08-20 12:42:45,Mantap
Bemmo_cornerr Red,2,2023-08-20 11:56:32,Bikin sandi login susah amat.kayaknya saya bikin udah paling susah masih saja tidak bisa
Ian Al Panjaitan,1,2023-08-20 11:40:07,Capek saya bolak balik mendaftar melalui hp tetap tidak bisa mendaftar
M.fauzan Kurnia Pribadi,1,2023-08-20 10:53:04,"Fitur penarikan uang tanpa kartu telat merugikan saya, pada saat saya ingin mengambil uang menggunakan fitur tsb, uang tidak keluar dari ATM!!!! TETAPI DI SALDO SAYA TETAP KEPOTONG, Hadehhh perlu diperhatikan lagi ATM NYAAAA YAA"
Lie,1,2023-08-20 10:17:31,ngirim uang setatus terkirim.tapi uang nya enggk masuk.bagi kalian uang 100.000 tidak ada harga nya. tapi bagi saya sangat lah brharga
herman syah,5,2023-08-20 10:16:13,Ok
Pajar Syahputra,1,2023-08-20 08:53:41,"G mau terbuka,harus uninstal dan instal balik baru bisa kebuka,ntah ada 10 x kayak gitu waktu memakai nya..,apk gagal produk"
Sri Wahyuni,1,2023-08-20 08:39:37,"Tolong diperbaiki,,,buka mobile BSI kenapa tidak bisa"
Hamadong Doni,5,2023-08-20 08:19:33,Mantap
Jajang kurniawan,3,2023-08-20 07:29:52,Bagus
Renny Purwantiningrum,3,2023-08-20 05:53:15,tp kok sekarang buat login susah di bagian deteksi wajah ya
Pak Way,5,2023-08-20 05:34:41,👍🏼
achmad deni,5,2023-08-20 04:46:42,Ok
Dho Ri,5,2023-08-20 00:05:01,kacau sudah males
Santo Niogo,5,2023-08-19 16:59:01,sangat baik
Almiya Safitri,1,2023-08-19 15:27:41,"Aktivasinya luarbiasa sulit, tdk spt pas BRIS... Ini apk ke uninstall tanpa sengaja, gara2 HP dimainin anak.. Install ulangnya gagal2 terus, pdhl sdh sampai tahap kirim SMS, dn sdh diterima.. Bunyinya malah no HP tdk terdaftar. Kecewa, makan waktu."
Engkos Koswara,2,2023-08-19 15:24:11,2 dulu. Karna suka force close di hp xiaomi redmi note 8 saya
Muhamad Irvan (Ifunk),2,2023-08-19 13:51:33,Ini gmn sy lupa kata sandi??
Roy Kimochi,1,2023-08-19 13:27:59,Udah dftr tp blm di setujui buka rek ny
Hantori Aja,1,2023-08-19 10:03:22,"Saya punya BRI mobil di buka enak2 aja gk kaya bsi yg mengecewakan tidak puas sama sekali, klu bukan ATM dri tempat sya krja udh sya buang kok"
Kasful Kaun,5,2023-08-19 08:51:53,Mudah mengoperasikan
Heni Rismawati,5,2023-08-19 07:31:54,"Bsi makin kesini makin bikin naik darah,dikit2 eror,dikit2 gabisa dibuka,heran,saldo sering terdebet,"
Intan Purnama,2,2023-08-19 06:46:30,"Mau buka tabungan emas lewat aplikasi m.banking gagal terus, tiba2 keluar terus. Padahal kalau fitur cek saldo, mutasi, dll lancar-lancar aja, minta tolong diperbaiki lagi sistemnya min"
Siti Sari'ah,1,2023-08-19 06:29:14,"SATPAMNYA BIKIN ILFIL, MAU NABUNG MANUAL SAJA HARUS SETOR DUIT 5 JUTA KE ATAS, PERCUMA AJA BUAT YG HOBI CETAK BUKU KAYAK SAYA 🥴 MENDING BNI SYARIAH YG DULU"
Pmdi 6,1,2023-08-19 05:03:35,"Ini BSI knp ya, akun tiba² logout sendiri, pas mau masuk katanya kata sandi salah, padahal engga sama sekali, disuruh install ulang apk nya, pas mau masuk udah ga bisa, gimana ini?!!! Mana saldonya ada pulak di dalam"
Rido Jylo,1,2023-08-19 04:07:10,"Tidak ramah ,,salam blom selesai udh di matikan ,"
Rahman,1,2023-08-19 04:05:24,"Jaringan bagus, lampu indikator hijau tapi saat melakukan pembayaran akademik gagal, hanya menampilkan ""maaf, nomor anda tidak ditemuka""."
putri alam,5,2023-08-19 03:54:53,Semoga dilancarkan utntk sistem bsi mobilnya aamin
Hasan Aquarium,1,2023-08-19 03:30:22,"Aktivasi nya sulit bangat..udh ngisi data berapa x ssuai yg di miliki,,masih saja data tidak sesuai,,maksudnya gmna c..."
Ruly Zian,5,2023-08-19 01:50:54,Kami mendapatkan saldo 50k
Muhamad Hapid,5,2023-08-18 20:49:34,"Aplikasi nya keren, mudah dipahami, banyak fiturnya juga, terus berkembang bsi"
Muhammad Zainuri,1,2023-08-18 17:51:45,"saya pengguna BSI dari waktu BRI SYARIAH,sYa kecewa banget dengan aplikasi ini...pada waktu ferivikasi wajah sangat sangat sulit,kok bisa para nasabah dibuat jengkel dengan aplikasi ini...bener kecewaku"
Wahyu Syahputra,4,2023-08-18 15:42:19,"Kurang aman,serta sering ngebug"
Mad rim,5,2023-08-18 15:12:30,tambahkan vitur setor tunai
NILA SURYA NINGSIH,1,2023-08-18 12:30:52,"Tolong min, aplikasi bsi mobile aku kok gak mau. Bug katanya... tolong di perbaiki"
Ade Alfianto,2,2023-08-18 11:35:02,Saya tidak jadi datang ke gerai buat aktivitasi kartu
Darma khalifa,1,2023-08-18 09:26:41,Saya top up dana kok blm transaksi berhasil tapi saldo ke dana gk masuk
Putu indah Pratiwi,5,2023-08-18 08:55:03,god job BSI!!! jaya terus ya!!
Axel Nicko,5,2023-08-18 08:52:24,Terimakasih BSI mobile dengan aplikasi ini jadi makin mudah. Good Job BSI!
Bayu Rizki,5,2023-08-18 08:47:11,Aplikasi yg bagus sekali
Gerry Christian Indra Zukma,4,2023-08-18 08:45:27,Kalau atm bsi support nfc sperti atm bri mungkin bisa lebih baik
Enda Niyangsih,5,2023-08-18 08:41:09,Pake apk bsi mobile jadi lebih gampang dan ga ribet lagiii 👍
Muhammad Nur Arifin,1,2023-08-18 08:00:30,"Payah ni, pasword udah benar malah di bilang salah, sidik jari udah pas malah di bilang salah juga, gmn ini, tidak memuaskan banget"
Deva Natalia,5,2023-08-18 07:55:32,Makin nyaman pakai aplikasi BSI sekarang aplikasinya gak mengecewakan! Semua layananannya sudah dapat digunakan lagi. Lebih keren aplikasinya
Jaja Maksum,5,2023-08-18 07:39:18,sangat membantu dan memuaskan
Ruhban Weeelah,1,2023-08-18 07:38:29,Knapa ga bisa di buka hdeuuuuuhh
Muhammad Habibulloh,1,2023-08-18 07:33:57,"Saya sudah 10x aktivasi rekening di bsi mobile, tetap tidak bisa. Saya juga menghubungi customer service dan jawabanya apa, ""dicoba lagi"", mantap betul. Aplikasi ui bagus, tapi kinerja sangat buruk."
Joy Supriyadi,5,2023-08-18 06:57:07,Mantap👍
ahmad ridho,5,2023-08-18 06:55:47,"Mantap BSI!!! Setelah update fitur nya kini semakin banyak, jadi bikin tambah nyaman pakai aplikasi ini, mantap deh buat BSI"
Panji Patwa,5,2023-08-18 06:49:47,"Selama memakai BSI mobile sangat memudahkan sekali dalam setiap kegiatan saya,,,good job BSI mobile"
Khalishah Putri Hanifah,5,2023-08-18 05:55:29,"Semua layanannya di mobile bankingnya sudah dapat digunakan, sehingga mobile bankingnya enak digunakan dan juga fiturnya makin lengkap sehingga makin nyaman pakai BSI sekarang. Makin seneng deh pakai aplikasinya kalau gini. Good job bsi, makin lancar jaya."
Widia Marisa marsenda,5,2023-08-18 05:34:41,Lebih keren nih sekarang aplikasinya
Hendra Niya,5,2023-08-18 05:17:32,Mantap Bsi👍
Aififatus Sulva,5,2023-08-18 05:02:05,Good job ini aplikasi membantu banget buat saya 😊😊
Nafida Official,5,2023-08-18 04:44:41,Aplikasi BSI semakin nyaman dan memudahkan dalam bertransaksi. BSI Mobile mantappp!!!
MS 19 OFFICIAL,5,2023-08-18 04:21:12,"Mantap bangetlah, Sangat mudah untuk bertransaksi dengan BSI mobile, yang paling penting adalah potongan nya dengan BANK lain sangat murah .. Semoga kedepannya makin baik dan magic lagi .. Thank BSI"
Zulfa Gustini,5,2023-08-18 04:11:21,"Saya sudah menggunakan BSI selama 2 tahun, memudahkan saya bertransaksi. Makin keren dan senang deh pakai aplikasinya kalau gini. Mantap BSI!!"
Habib Affandi,5,2023-08-18 04:03:48,"Good job bsi.... Setelah update makin lebih baik, mudah di pahami dan ga ribet fitur ny juga sangat lengkap pokokny makin mantap.... Makin lancar jaya....."
AL Fatih,3,2023-08-18 04:00:33,Masih bisa di bobol hacker sih
vera nitalia,5,2023-08-18 03:59:19,"Good job bsi,aplikasinya bagus dan mantap"
Winda Amelia,5,2023-08-18 03:44:35,Aplikasi nya lebih keren dari pada yang dulu.makin canggih aja :)
Fepiliana,1,2023-08-18 03:42:59,"sangat menyusahkan, setelah update bukannya tambah bagus, malah makin jelek. akun ke logout sendiri, saat aktivasi sangat sulit karena harus verifikasi wajah, sudah coba berkali-kali gagal terus padahal sudah mengikuti sesuai intruksi. kalo gini terus ga bakal lagi saya pakai BSI. dana auto pindahin ke bank yg lain aja."
imam wahyudi,5,2023-08-18 03:40:49,"Mantab bisa pulih , semua layanan sudah bisa di gunakan keren sudah ada qris jadi gampang klau mau lgs kirim2☝👍"
Lia Yuliani,5,2023-08-18 03:30:05,"Selalu meningkatkan kualitas apk nya jadi semakin nyaman sebagai pengguna bsi mobile ,, mantap BSI mobile"
Dody Putra Chaniago,2,2023-08-18 03:25:54,Mau bayar PDAM ga bisa
Nur Lela,2,2023-08-18 02:33:39,"Tdk bisa masuk ke dalam nya. Pakek wifi ngak bisa data jugak ngak bisa, versi android 12 padahal. Tolong di upnkan kah min bug nya."
andi ahmad ikbal,5,2023-08-18 00:19:57,Alhamdulillah... sangat mudah
Arif Zain,3,2023-08-17 13:51:31,Tolong buat fitur untuk download rekening koran.
caca george,1,2023-08-17 11:12:52,Sumpah ya bikin risih banget apk jya udah ngajuin mau di uninstall g bs bs
Ismail Prayoga,2,2023-08-17 10:34:55,Masih susah buat verifikasi wajahnya Entah harus pake handphone kaya gimana Aplikasi sebelah sekali verifikasi langsung sukses. Ini udah berapa kali sampai pegel masih gagal juga.
RAHMAT RAHMAT,1,2023-08-17 09:49:32,Gabisa cepat terdeteksi wajah susah bagian senyum nya
Boto Boto,4,2023-08-17 09:42:43,Ok
Taufik Amsyah,5,2023-08-17 08:18:36,Menu-menunya lengkap dan semakin nyaman digunakan. Apalagi sistem verifikasi keamanannya. Buka rekening baru via online juga bisa pakai aplikasi BSI. Bisa langsung punya rekening Haji. Ga ngecewain.
Rina Budiyani,5,2023-08-17 07:41:01,"Aplikasinya bagus bgt, rekomended untuk dipakai"
Akbar Syahputra,5,2023-08-17 07:37:00,Pelayanan Sngat baik
Nursyifa,5,2023-08-17 07:19:19,"Lebih keren aplikasi ini sangat membantu saya, dan juga mudah dipahami. Setelah saya update menjadi lebih baik fiturnya pun sangat lengkap. Mantap"
Akmal,4,2023-08-17 07:03:47,"Aplikasinya enak, simple, mudah digunakan,good job BSI!"
Muhammad Kaharudin,1,2023-08-17 06:30:27,Mau aktivasi SJ ribet bukan main hanya karena nomor handphone saya hilang SIM card nya mau aktivasi ulang gagal trus. Gimana manajemen IT nya. TDK ada via SMS atau kontak langsung biar langsung selesai di mobile bankingnya TDK boleh masuk.🔍🔍🔍🔍🔍
Nacho Bayinah Kosasih,2,2023-08-17 05:01:24,"Verifikasi online nya susah banget, sdangkan jaringan full, stabil.. Pdhal pengen banget pake BSI. Gak bisa dateng langsung ke cabang karna dsini gak ada cabang nya"
Destia Pratiwi,5,2023-08-17 04:58:13,"Keren banget, sangat mudah dalam transaksi nya.Recommended kalian wajib punya BSI ya Guys! MANTAB BSI!!! makin lancar jaya"
Axel Bakarsyah,5,2023-08-17 04:53:58,Selama menggunakan bsi mobile sangat membantu dan memudahkan untuk bertransaksi
Paulina Sri R,5,2023-08-17 04:38:39,"Good Job BSI, makin lancar dan mudah digunakan, aplikasinya sangat mempermudah penggunanya. Semoga aplikasinya semakin baik dan semakin bagus."
rizky ari prasetyo wibowo,1,2023-08-17 03:50:57,"Aplikasi error',mau aktifasi saja tidak bisa. Sudah beberapa kali mencoba kendala pada SMS,kode OTP bisa tapi balas pesan error'.🤬"
Siti Nurmala,5,2023-08-17 03:28:34,Apk sangat membantu dan bermanfaat banget... love bgt sma APK ny fitur ny lengkap .
Nur Ida,5,2023-08-17 03:06:16,"Good job BSI, alhamdulilah dipelacar selama memmakai BSI dan lebih mudah"
Fia_ Jh,5,2023-08-17 03:05:56,"Aplikasinya bagus sangat membantu untuk transaksi, dapat memudahkan pekerjaan dan cepat. Saya merasa terbantu🙏 semoga makin lancar jaya. Good job BSI"
Putri Wulan,5,2023-08-17 03:05:02,"Fitur-fitur di aplikasi BSI memudahkan pengguna untuk melakukan transaksi m-banking, keren BSI"
Simon Buster,5,2023-08-17 02:38:03,Semoga makin memberi manfaat
Feliya Aja,5,2023-08-17 02:24:36,mobile bankingnya enak digunakan buat transaksi jadi mudah anti ribet dan tentunya cepet jadi memudahkan nasabah untuk bertransaksi.
Agil Pamungkas,1,2023-08-17 02:12:00,"Aneh, tidak bisa TF menggunakan BI Fast Proxy Email, kalau no hp bisa cuma kalau email kok gak bisa sih, Bug mulu"
Mama vira&alif,1,2023-08-17 02:06:33,"Gak bisa buka rekening di app, selalu ""tidak ada koneksi internet"". Terjadi di 2 perangkat merk Rxxxi yg saya coba. Tp di merk Sxxxxxg bisa, tapi begitu proses video call malah langsung end dan proses verif gak selesai2. Tetap harus ke kcp jg akhirnya."
Dhe Dimon,2,2023-08-17 01:35:00,"Mau Buka Tab Junior, Setelah Punya Rekening diaplikasi tidak ada Pilihan Rek Junior... tolong lengkapi lagi Penambhan Rek Untuk Nasabah Exiting... Fitur Ganti No.Hp juga Tambhin !!! Semoga didengar dan DiPerhatikan."
12_ Calvin Naga,5,2023-08-17 00:07:32,Alhamdulillah dari aplikasi BSI mobile ini di permudah dan lebih efektif lagi. Good job BSI
Gading Erik,5,2023-08-16 23:44:53,Semenjak menggunakan apk ini menjadi gampang dan cepat
Yandi Yandi,1,2023-08-16 23:43:35,Sudah seminggu data masih saja dalam proses verifikasi. Dan saya masih menunggu.
Nur ahmad zainul,5,2023-08-16 19:33:52,"Alhamdulillah trimakasih BSI, Ahkirnya semua transaksi ku jadi lebih mudah. Dari fitur transaksi, membayar tagihan listrik dll. Untuk aku yang bekerja di barbershop kerja dari siyang sampai malam ini sangang membatu. Mau tranfer mau membayar tagihan sekarang udah gak ribet lagi. Oke banget deh pokoknya. Untuk temen temen barbershop wajib banget pakek BSI Mobile biar enggak tebet ngurusin ini itu😂. Trimakasih BSI."
Witantryy Widyaningsih,5,2023-08-16 18:17:27,Alhamdulillah udah pulih semuanya. BSI Mobile semakin hari semakin mudah dan menyenangkan. Banyak fitur yang bisa digunakan bahkan terdapat fitur pengingat waktu sholat. Terimakasih BSI..
Muhamad Darusalam,5,2023-08-16 17:28:34,"yuhuuuuu, aplikasi BSI Mobile tlah hadir dan smakin aman, smoga slalu mmpermudah dalam stiap urusan transaksi saya, mantappp min"
Amarullah Amar,5,2023-08-16 17:13:43,"Good job BSI, pelayanan ramah,apa aja bisa disini,,kereen pokok nya"
Septi Dwi cahyati,5,2023-08-16 17:13:38,"Setelah di update jadi makin baik, semua layanan nya sudah bisa digunain lagi, fiturnya makin lengkap, makin lancar, lebih keren nih aplikasinya sekarang, good job BSI, mantab BSI !"
Bimo Andrio,5,2023-08-16 16:12:48,"Aplikasi keren pembayaran, transfer dan ll jadi lebih mudah"
Sri Mulyati,5,2023-08-16 16:11:13,"Wah sangat membantu sekali BSI selain transaksi menjadi lebih gampang juga semua kendala bisa di tanyakan lewat aplikasi bsi ini,selain itu ada fitur waktu salatnya lagi wah keren."
Ferryal Mustaqim,5,2023-08-16 16:09:31,Alhamdulillah Saya Akhirnya Dapat Membuat Rekening Bank Terima Kasih BSI Dengan Kemudahan Pendaftaran Dan Semoga Bermanfaat Untuk Semua
Dirin Purwanto,1,2023-08-16 16:03:49,Kenapa aplikasi tiba-tiba tidak bisa diakses?
Siti Nur Holisah,5,2023-08-16 15:44:22,"Skrng makin lebih nyaman pakai aplikasi BSI, Alhamdulillah skrng aplikasi ndk pernah ngecewain,dan semuanya makin mudah dengan BSI,good job BSI !!"
aji pang,1,2023-08-16 15:31:53,App Sering error tdk bisa di buka. Diinstal ulang tetap tdk bisa dibuka. Mau transaksi tdk bisa. Mestinya segera diperbaiki supaya nasabah tdk terganggu.
076 Devi Sarti,5,2023-08-16 15:06:15,"Mantap deh pokoknya, makin sukses yah BSI !!!"
Luthfiah Al-zalmasry,5,2023-08-16 14:16:56,"Alhamdulillah setelah menggunakan BSI mobile ini, melakukan transaksi menjadi lebih mudah, lancar, dan lebih efektif dalam melakukan transaksi,. Jadi seneng dengan adanya aplikasi ini Good job BSI Mantaaap BSI jaya jaya"
Putri Tsauri,5,2023-08-16 12:40:35,"ga nyesel download aplikasi isi ini, sangat mempermudah kebutuhan sehari-hari, Good job BSI!"
Amelia Setiawan,5,2023-08-16 12:32:54,Setelah ada vitur mobile nya saya sangat gampang bertransaksi tanpa harus ke bank terimakasih bsi mobile😍
Atika Rohmawati,5,2023-08-16 12:20:59,"Wahhhh alhamdulillah udah pulih semuanya, sekarang ini BSI makin lancar terus, dan semua layanannya sudah dapat digunakan lagi untuk memudahkan kami para pengguna. Lebih keren nih sekarang aplikasinya, mantab sekali good job BSI pokoknya! . Sebagai pengguna BSI saya seneng deh pakai aplikasinya kalo gini. Mantab BSI!"
reynaldo parapat,1,2023-08-16 12:06:55,"Coba aktifasi gagal terus, mana pulsa terpotong. Info no tidak terdaftar, tetapi WA da sms jika ada transaksi masuk, bingung saya, terpaksa hapus aplikasi"
NANDANG SUPRIYATNA,5,2023-08-16 11:50:46,Penarikan uang dan transfer lebih gampang di aplikasi ini
Anis Khairunnisa,5,2023-08-16 11:49:46,Bgus
Ain Nuryana,5,2023-08-16 11:49:34,"Sebuah aplikasi mobile banking yang sangat membantu dalam mempermudah transaksi, terimakasih BSI mobile"
Suci Komariyah,5,2023-08-16 11:45:29,good job BSI aplikasi yang sangat memuaskan
luthfiana dhewiaja,4,2023-08-16 11:40:49,Selama pake apk ini di permudahkan sekali untuk penggunanya.
Jagad Satria,5,2023-08-16 11:39:10,Mantab.. semoga sukses dan semakin berkembang.. ditunggu updatenya min
shubye lasak,1,2023-08-16 11:29:28,"Aktivasi selalu gagal,pulsa habis karna SMS terus tapi aktivasi selalu gagal,nyesal rasanya pakai bsi, customer tidak merespon. Saya kecewa dengan BSI"
Dedek Afriyanti,2,2023-08-16 11:22:17,Uang saya asal tf ke BSI selalu gak masuk padahal tf udh berhasil uang belum masuk. Tambah ini aku perbarui BSI malah data aku masukan ulang gak bisa ampun dah
hosiana bella,5,2023-08-16 11:08:55,"Mudah banget aplikasinya, gampang dimengerti untuk pemula jadi nyaman digunakan suka banget sama BSI"
dewi uhe,1,2023-08-16 10:52:15,"Tidak lolos bikin rekening di sini tolong jaga data"" saya karna sya mau menghapus aplikasi ini 16.8.2023"
Athanasia Maysuri,5,2023-08-16 10:26:36,Selalu puas dengan pelayanan aplikasi BSI! semoga selalu seperti ini dan semakin meningkatkan pelayanan dalam bidang online seperti ini! Amin!
Juga,5,2023-08-16 09:41:33,"saya berikan 5,karena data saya lama di proses."
Amanah Darman,4,2023-08-16 09:40:47,Bagus sekali
Usman Aja,5,2023-08-16 09:15:13,Mantap
rendy rulian,5,2023-08-16 09:01:47,"ALHAMDULILLAH BANGETT,SEMUA NYA MUDAH KARENA ADA BSI,MKASIH BSI"
suwartono tono,5,2023-08-16 08:50:07,mohon protek keamanannya
Ganchar Uwu,5,2023-08-16 08:47:23,Wah keren nih BSI. Fitur yang di sediakan lengkap dan mudah untuk digunakan jadi gak pusing kalo lupa bawa dompet. GOOD JOB BSI.
FEBRI ARIS NUR RAHMAN,5,2023-08-16 08:31:22,makin mudah transaksi
alifia nz,5,2023-08-16 08:30:14,"Masya allah BSI sangat mempermudah bertransaksi bisa dengan online, good job BSI"
INDRA HIDAYAT,1,2023-08-16 08:29:21,"Fix ya Ampun dah mau Aktivasi susah betul, disuruh kedip mata udah kek sawan, disuruh buka mulut udah kek orang stres, da itu gagal pula... 2 hari ini udah saya coba gitu terus. Tolong Pak Dirut ini IT nya yang salah atau apa ini saya pun ga ngerti"
Aliachyn. Nkn621,3,2023-08-16 07:56:19,"Aplikasinya tidak bisa di gunakan,ngelag.Padahal sudah berapa kalu di uinstal,dan di dowload lagi,tpi ttp sama aja.gk bisa."
z adi,5,2023-08-16 07:55:38,Mantab BSI
Muhammad Maulana,1,2023-08-16 06:43:59,Ga bisa terbuka aplikasi nya setelah update sekarang
Ihsan farisi,5,2023-08-16 05:48:54,Saya baru donlod tapi mau login. Malah keluar kehabisan waktu
Raiza Nisrina,5,2023-08-16 05:45:39,"Alhamdulillah, walaupun sebelumnya layanannya sempat terkendala, sekarang semua layanan nya sudah dapat digunakan kembali dengan lancarr"
adi setiadi,3,2023-08-16 05:12:53,"Mohon ditingkatkan kembali untuk aplikasi nya, sering banget aplikasi bug ketika dipake alhasil jd kerepotan khususnya ketika mau transfer dana."
Ika Mayantiara,5,2023-08-16 05:07:40,"Makin keren ya aplikasi nya ,, semoga tambah sukses kedepannya 😆"
Cari Apaan Lu?,4,2023-08-16 05:01:47,bsi good
Tegar Prasastiyo,5,2023-08-16 04:26:25,"setelah update jadi lebih baik, keren BSI🥰 makin cepat dan nyaman pastinya user interface juga makin menarik, keren banget"
Rafa fams Chanel,3,2023-08-16 04:21:38,"3 bintang dulu lah ya... karena baru mau buka rekening online daftar dari hari senin sampai hari ini masih belum dapat info berhasil atau tidak nya, berbeda dengan Bank lain yang langsung ketahuan bisa lanjut atau tidak nya di Hari yang sama."
"Mardendi Maulana, S.Kom.",5,2023-08-16 03:45:51,"Alhamdulillah aplikasi yang sangat bermanfaat mudah digunakan, mempunyai tampilan yg segar dan banyak fungsi. Ada tampilan waktu solat juga BSI mobile memang keren 👍👍👍"
Lilis Lita,5,2023-08-16 03:41:30,Mantab BSI!!
Dewi Lestari,5,2023-08-16 03:32:10,Alhamdulillah bisa pulih semua udah lancar dan sekarang mangkin keren aja aplikasi nya..mantap BSI good job jangan bosan² ber inovasi ya❤️❤️
Panca Rauf Hakim,5,2023-08-16 03:16:32,Pakai BSI Mobile transaksi menjadi sangat mudah dan gampang.
Rahmat Hidayat,5,2023-08-16 03:16:18,"sangat bermanfaat memakai aplikasi BSI Mobile ini , dari awal menggunakan ini memang sangat cocok untuk semua kalangan. Terima kasi BSI Mobile . Terpercaya"
Fifi Veronica,5,2023-08-16 03:12:28,"Seneng deh pakai aplikasi nya kalau gini, mau apa2 jadi lebih mudah, dah cepat. BSI mantap!"
Tomi dwi Saputra,5,2023-08-16 03:11:01,"Mantap BSI sudah pulih, setelah maintenance jadi makin baik. Good job BSI!!"
Rahilla Fanny,5,2023-08-16 03:10:03,Sangat membantu sih selama pakai BSI mobile. Top markotop lah pokoknyaaa
Andre Yansah,5,2023-08-16 03:03:06,Bagus banget aplikasi nya mudah digunakan
Windi Yanti,5,2023-08-16 03:03:05,"Alhamdulillah sekarang semua layanan yang ada di BSI mobile sudah dapat di gunakan dengan baik, seneng deh kalo jadinya"
Natalia Kerawing,5,2023-08-16 03:01:45,Bagus banget
Alif Valerie,1,2023-08-16 02:54:02,"Tidak bisa membuka rekening secara online, setelah dicoba selalu muncul notifikasi Tidak ada koneksi internet. Padahal koneksi internet saya/wifi saya gak ada masalah. Dicoba diperangkat lain yang berbeda juga hasilnya sama."
Siti Aisyah,5,2023-08-16 02:47:18,"Mudah sekali untuk digunakan, dan lebih praktis untuk melakukan suatu transaksi"
Kurnia Sifaulya,5,2023-08-16 02:46:47,Aplikasi yang sangat membantu dalam bertransaksi dan penggunaan yang mudah di pahami. Keamanan yang terjaga dengan baik. God job BSI
Neni Tripita,5,2023-08-16 02:45:29,"Nyaman pake BSI soalnya fitur ny lengkap plus emang ngebantu banget bayar ukt, daripada ngantri d bank 👍🏻"
Putrikristina Siregar,5,2023-08-16 02:42:02,"Semakin lancar ber transaksi, tidak pending pending"
Dhelia Wahyudi,5,2023-08-16 02:41:24,Sippp
Delia Anggraeni,5,2023-08-16 02:41:07,sangat membantu
gharty,5,2023-08-16 02:39:00,mobile banking nya enak digunakan dan mepermudah untuk transaksi apapun disini.. aplikasi nya membantu jadi gak harus repot keluar rumah dulu.. hehe.. mantap BSI semoga kedepan nya bisa lebih baik lagi dan bermanfaat buat kita²..
Wildia Septy,5,2023-08-16 02:24:11,Dengan adanya BSI mobile ini dapat mempermudah kita dalam bertransaksi dan layanannya juga cepet. Good Job BSI👍🏻
ArhabAyyasy,4,2023-08-16 01:57:18,"Alhamdulillah bisa diakses dg mudah, cepat dan ringan. Sangat membantu sekali."
ahmad ainur rossad,5,2023-08-16 01:54:00,Gampang dan mudah
Mila Erdiana,5,2023-08-16 01:32:30,"BSI mobile adalah m banking yang mempunyai fitur paling lengkap, dan keamanannya terjamin GOOD JOB BSI MOBILE semoga kedepannya makin jaya !!!"
Slamet Riyadi,5,2023-08-16 01:26:38,ASALAMUALAIKUM WAROHMATULOH HWABAROHKATUH Ayo Semua Kawan2 Pada Buruan Pakai BSI Meraih Kesuksesan Bersama AMIIN AMIIN YAROBAL ALAMIN
kim hyun,5,2023-08-16 01:23:47,Semoga lancar terus
farid irawan,5,2023-08-16 01:04:01,Mantap
ilham dhe chaprio,1,2023-08-16 00:56:31,Aplikasi lemot
naufaldaani,1,2023-08-16 00:44:55,"Mohon yah in sistem pengaduan/pelaporan nya ini diperbaiki, jelek parah, pengaduan saya atas gagal nya transaksi dan uang saya termutasi, hilang begitu saja di informasi pengaduan nya setelah saya aktifasi ulang di apps nya. Jadi laporan pengaduan saya hilang dan transaksi uang saya mulai dari saya sampai pihak penerima belum menerima apa"" seakan"" hilang tuh uang entah kemana. Laporan pengaduan nya udah di lakukan seminggu lalu lebih, apa memang klw aktifasi ulang apa"" hilang gitu di apps nya??"
Ramadayati (Ramadayati_2040401030),5,2023-08-15 23:17:33,Aplikasi BSI ini sangat membantu saya ketika ingin membayar online fitur aplikasi lengkap dan sangat membantu thank BSI
Yuyun Hikmah Efianti,5,2023-08-15 23:14:18,"Allhamdulillah, dgn fitur yg baru ini memudahkan saya melakukan berbagi transaksi,dan lebih nyaman bersama BSI ,good job BSI."
Muhammad Alfariski,5,2023-08-15 20:10:46,"MANTAB BSI, Alhamdulillah banget udah kembali normal lagi. sekarang juga udah ada fitur-fitur baru yang menarik. pokoknya seneng banget Keren BSI."
dina choirun,5,2023-08-15 17:52:51,"Aplikasinya bagus, banyak fikturnya keren dan mudah caranya dalam transaksi. Dapat Membantu mahasiswa melakukan pembayaran ukt"
suanggi terbang,5,2023-08-15 16:46:37,apk yang sangat baik dan mudah di pahami
Salim Ajaa,5,2023-08-15 16:09:32,Kren & Barokah
Lukman Hakim,1,2023-08-15 15:36:35,"Tolong diubah sistem verifikasinya seperti bank lain, ga semua orang mempunyai hp bagus dan kamera bagus, saya verifikasi wajah mulai jam 8 pagi sampai sekarang jam 22 masih belum bisa, saya udah kesal , mood saya jelek disuruh senyum, ribet amat aplikasi m banking satu ini seperti Cimb Niaga ,maap kasih ranting satu dulu."
aries dojonk,5,2023-08-15 14:49:04,Alhamdlillah lancar jaya
Wandi Setiadi,5,2023-08-15 14:38:20,"Aplikasinya mudah digunakan,sangat membantu,terima kasih BSI"
Rifa Nur Alia,5,2023-08-15 14:27:13,Mantap BSI !!!!! Dengan fiturnya yang sangat lengkap membuat transaksi kita lebih mudah. Good job BSI!!!!
Edi Slamet Bawean,5,2023-08-15 14:07:00,BSI semakin baik fiturnya. Good job BSI
Mas Vann,5,2023-08-15 13:44:17,Good Job BSI!
Putra Ainun Tantu,5,2023-08-15 13:13:47,alhamdulilah setelah memakai BSI Mobile keamanan data saya terjamin saya bisa aman terus melakukan transaksi ini makasih BSI Mobile
Ms Savanna Snider is my soul,1,2023-08-15 12:49:26,"Selalu gangguan , anda tidak memiliki akses internet , lelet anjir , , , , gimana sih susah banget mau daftar atau buka rekening online ,"
Hendra Wira,5,2023-08-15 12:33:22,Alhamdulillah udah pulih semua nya
kulan kumaha kasep,5,2023-08-15 12:28:47,Alhamdulilah sudah mualai pulih lagi
M rizki Fujiansyah,5,2023-08-15 12:23:51,"Good job BSI! Membuat saya transaksi lebih mudah, ada jadwal waktu shalatnya juga lagi ,pokoknya mantap"
Vivina Maulina,5,2023-08-15 11:55:56,Makin keren nih aplikasinya apalagi fitur fiturnya udah paket komplit deh mudah jg digunakan the bestt pokoknya mah!!!
Faza Rahul,5,2023-08-15 11:48:06,Sangat terbantu dengan adanya BSI Mobile ini bertransaksi jdi lebih gampang aplgi tampilannya sangat keren.. maintenancenya jg cepat bsi the best
MZ BOWO,5,2023-08-15 11:12:15,Alhamdulillah sdh bagus lagi
fani Authentic,5,2023-08-15 11:01:44,God job bsi
Zainal Abidin,5,2023-08-15 10:30:24,Sangat membantu dalam finace dan apapun itu
Afni Putri,5,2023-08-15 10:22:13,"Makin kesini makin bagus bgt aplikasi bsi, apalgi setelah di update. Keren bgt sih apk yg satu ini mantep"
Hilya Rahmadhani,5,2023-08-15 10:17:58,Apk bsi mobile memang yang terbaik terimakasih bsi mobile🥰
Mhd afif Jumardi,5,2023-08-15 09:58:15,"Mantapp,Selama Pakai BSI tidak pernah ada kendala sama sekali selama Transaksi, Good Job BSI!!"
ilmin syarif,5,2023-08-15 09:51:31,"Kemudahan dan keamanan dalam bertransaksi keuangan mulai dari transfer uang, beli pulsa bahkan top up di ewallet..Good job BSI"
Arie Respatiana,5,2023-08-15 09:45:42,Good Job BSI... Gak pernah nyesel deh pokoknya. Alhamdulillah banyak manfaat nya
Galih Ginanjar,5,2023-08-15 09:32:21,Mantep sejak ada bsi transaksi saya jadi lebih mudah khususnya anak smk seperti saya pokoknya bsi the best
Risa Habibah,5,2023-08-15 09:25:53,Keren abis pokok nya
Yoga Bahari,1,2023-08-15 09:22:52,"Aplikasi gaje, server down mulu"
Bayu Afriansyah,5,2023-08-15 08:41:59,"aplikasi bsi mobile sekarang sudah makin lancar, Good Job BSI🔥🔥"
rina vitriasari,2,2023-08-15 08:16:23,Kenapa aplikasi tidak bisa dibuka
Solehan Lehan,3,2023-08-15 07:55:42,Belum bisa ada kendala
Lenny Tiomaria,5,2023-08-15 07:45:27,Bsi Mantappp
Alberto Tambunan,5,2023-08-15 07:39:52,Pakai BSI Mobile lebih seru & mudah jadi apapun yg ingin dilakukan jadi lebih gampang. Thanks BSI
syaf rial,5,2023-08-15 07:00:31,"Mantap menggunakan aplikasi BSI, karena aplikasinya tdk mengecewakan"
Rasid Agara,1,2023-08-15 06:44:11,"Koq gak bisa kebuka ya,,,"
martina gita apriani,5,2023-08-15 06:25:43,BSI paling oke! Lancar jaya terus BSI
muhammad sholeh,5,2023-08-15 05:58:40,Alhamdulillah mantap good Job BSi selalu memberikan layanan terbaik untuk naaabah..tetap terdepan dan makin jaya
Lia Grasia,5,2023-08-15 05:35:07,"BSI keren keren bgt!!!!kalian harus download apk ini di jamin gak nyesal 😭fitur nya mudah untuk di pahami dan gak ribet jadi bagus buat orang yang pertama kali pakai mobile banking,fitur"" nya juga lengkap banget❤️ kalo udah di update nih apk nya makin bagus gak ada bug selama saya pakai !! Makin jaya lagi ya BSI! Di jamin gak bakal nyesel dehh huhu!! Apk nya bagus banget kenapa gak saya download dari dulu ya😘😘 Alhamdulillah dengan adanya apk BSI kerja saya lebih dipermudah😊😊"
ABD. RONY,5,2023-08-15 05:19:06,Sangat cepat aku suka
Insan Deli,1,2023-08-15 05:18:20,Suka keluar2 sendiri apk nya
Lia Store,1,2023-08-15 04:59:46,Uang saya top up ke dana sampai skrg blum masuk
Habibi Rojabi,5,2023-08-15 04:43:15,Aplikasinya sangat sangat sangat mantul min🥰👍
Fatur rahman,5,2023-08-15 04:27:19,"Semuanya bisa jadi mudah, mantap bsi"
Hilma Tiana,5,2023-08-15 04:25:57,"Good job BSI! setelah di update mskin keren,makin nyaman nih aplikasinya,fiturnya pun makin lengkap thabk you BSI"
D'RAUF CHANNEL,1,2023-08-15 04:10:59,"Kenapa BSI mobile saya tidak merespon ya, setelah di update ke versi terbaru... Dibuka langsung menutup aplikasinya"
Muhammad Azis,5,2023-08-15 04:04:17,Alhamdulillah aplikasinya mudah digunakan
Luqyana Puteri,4,2023-08-15 03:53:20,Transfer gagal tapi saldo ditarik 🥲
Multi Khairat,4,2023-08-15 03:39:49,"Mobile bankingnya enak digunakan, seneng banget menggunakan aplikasinya, sangat memudahkan🥰"
Taupik Hidayat,5,2023-08-15 03:06:21,"Makin keren nih aplikasi nya, BSI mantap.."
Irsal Hanafi,5,2023-08-15 03:01:41,Bagus
New Dragon,1,2023-08-15 02:51:28,Uang top up ke dana tidak masuk
Aceh Cctv Online,1,2023-08-15 02:23:35,lage lempap.....
Agista Ardania,5,2023-08-15 02:15:30,"Fitur sangat lengkap dan aplikasi mudah dingunakan, good job BSI"
Akun Lapor,1,2023-08-15 02:12:15,"Bank Atm nya sangat terbatas blm merata, aplikasinya simpel tp lemot sering eror, buqt transfer,cek saldo,uang masuk BSI eror mulu, bosok bosok dah BSI, bukannya mempermudah mlh memersulit BSI sm aja sm yg lain msh kepotong admin, sama aja riba 👎🏻, tutup aja BSI gaguna👎🏻"
Andry Ariyanto,1,2023-08-15 01:26:22,"Isi saldo dana dari semalam kirim email sampai sekarang ga di tanggapi, kecewa sama pelayanannya!!!!! Tolong ya yg baca ini balikin uang nya aja ke bank bsi grrrrr"
Putra chikal,3,2023-08-15 00:56:19,Maaf kak masa berlaku di atm 07 2023 no hp masih aktiv tapi buat login ke aplakasi BSI mobile kira-kira masih bisa login gk ya soal nya sebelum nya saya menggunakan fitur sms banking. Dan hari ini saya baru download aplikasi BSI mobile dan saya mau menggunakan nya kakak.tolong info dan bantuan nya. Untuk bintang saya kasih 3 dulu kalau berhasil nanti saya fullkan bintang nya
Khairul Rizki,1,2023-08-14 23:43:44,Sudah topup dana tapi dananya tak masuk duit. Kok di bsi mobile dipotong duitnya Malah respon pengembaliannya lama bikin naik tensi kalau kek gini pelayanannya
4r Official,4,2023-08-14 23:04:45,Lebih enak .tapi sayang terkadang disaat mau transaksi pembayaran barang suka Permintaan kehabisan waktu. Sampai mencoba berkali kali bahkan berhari hari tetap kehabisan waktu. Sangat menyebalkan
Syahrizal Fachri,1,2023-08-14 22:56:44,"Mohon tingkat semua kualitas pelayanan nya agar tidak ada nasabahnya yang di rugikan, sekarang malah tambah lemot. Bikin rugi nasabah"
ASR Collection,1,2023-08-14 21:55:18,"TopUp eWallet Dana ga masuk2, padahal status di BSI MOBIL berhasil akan tetapi di eWallet Dana ga ada saldo masuk... Pengaduan lewat wa dan yg lainnya sdah tapi yg jwab robot bnyak ini itu disuruh hubungi cs lainnya begitupun dgn cs lainnya seperti dilempar ksana kemari.. Nominalnya sih kecil tapi ttep aja kecewa..."
Yuli Nikasari,5,2023-08-14 17:15:10,"Mantap BSI, makin keren fiturnya dan mempermudah untuk transfer dan ditambah ada waktu adzannya mantap dah pokoknya👍👍👍"
Nuzhan Han,1,2023-08-14 17:13:07,Aplikasi nya ga bisa dicopot
Anisa Wirani,5,2023-08-14 13:13:16,Pakai aplikasi BSI Mobile enak banget fiturnya lengkap sehingga memudahkan penggunanya...Good job BSI
Ai Dariska,5,2023-08-14 13:02:57,"Mantap, sangat memuaskan."
Fitra Djalil,5,2023-08-14 12:29:24,Mantap BSI setelah di update jadi makin baik makin nyaman untuk di gunakan fitur nya juga bagus makin keren aja seneng banget pake apk nya
Celo Fernandez,5,2023-08-14 11:33:03,"Fiturnya sangat lengkap dan mudah di gunakan,aplikasi ini sangat membatu masyarakat."
Intan serly,5,2023-08-14 11:16:06,"Alhamdulilah semenjak menggunakan BSI Mobile semua urusan transaksi jadi makin gampang dan mudah, mobile banking nya enak banget buat digunain transaksi online. Good job BSI!"
Mitra Garda Sumatra,5,2023-08-14 11:11:45,MANTAP.. TINGKATKAN TERUS KWALITAS KERJA APLIKASI
Alsa Melati Putri,5,2023-08-14 11:08:11,"Good job BSI! Fiturnya sangat lengkap.sangat keren sih aplikasinya bagi kaum melenial,bisa bayar token listrik, bayar ukt mahasiswa, dan lebih kerennya lagi bisa memudahkan saya untuk melihat jadwal shalat.Jadi makin nyaman menggunakan aplikasi nya engga kecewa lh pokoknya. Sangat membantu sekali dan fungsinya bukan hanya fungsi fanensial saja tetapi ada fungsi sosial sama religius. setelah diupdate aplikasinya juga makin baik dan lancar.Pokoknya Mantap BSI. Semakin jaya"
bondan setiawan,5,2023-08-14 11:07:53,"Aplikasi sangat mengesankan dan mudah untuk di operasikan untuk kalangan muda maupun tua, keren"
Herawati Pramudya Putri,5,2023-08-14 10:52:39,"fiturnya keren dan lengkap, aplikasinya mantap informasi yang ditunjukkan detail banget!"
Rika Alviana,5,2023-08-14 10:46:06,"Layanannya makin bagus, memudahkan transaksi, nyaman dan aman thanks bsi"
Pirman Sjr,5,2023-08-14 10:17:26,Mantap aman dan bagus terimakasi
Nas Aja,1,2023-08-14 10:16:54,"Gak bisa masuk terus🤦 ""Waktu permintaan habis"""
tiara maharani,5,2023-08-14 09:44:41,"Selama 4 tahun ini aku pake bsi mobile , sangat memuaskan dan mempermudah berbagai transaksi"
Deni Wahyudi,5,2023-08-14 09:30:11,"semua layanan bisa digunakan makin keren ni aplikasinya , good job bsi"
Joko.w. Santoso,1,2023-08-14 08:55:52,"Pengisian saldo 1 juta 250 ribu.. Infak 1000, iya jelas, potongan sedekah 1000/bulan iya jelas.paham, cuman kok saldo tiba tiba hilang 45 ribu, tiba tiba saldo nya hilang, seharusnya 1,249 ribu..jadi 1,199 ribu, tolong diperbaiki, saya kecewa, bukan karena jumlah uang melainkan BSI ngomong syariah tapi sistem nya gk jelas"
Riswati Zamzami,5,2023-08-14 08:30:09,Wahh aplikasi nya mantap bgt👍
Wahyu Jasa,1,2023-08-14 07:47:45,terlalu ribet BSI
rangga pradana,5,2023-08-14 07:42:29,"Alhamdulillah, awalnya pakai ini karena payroll di kantor pake BSI, tapi mantap juga. Saya suka fitur adzan dan infaq nya. Maju terus BSI dan tambah berkah ya"
herni sariasih,1,2023-08-14 06:48:36,Mengapa tidak dapat verifikasi di rumah? Mengapa harus ke bank?
Kurniawan Ahmad,5,2023-08-14 06:39:32,Keren
Melli Zaa,5,2023-08-14 06:36:53,Keren dah nih mobile m-banking apa lagi sudah update nambah bagus fiturnya. Good job BSI!!
a Anjaya,5,2023-08-14 06:09:57,"Teruntuk bank BSI yang ada disolo tepatnya lokasinya di depan taman Sriwedari Solo saya beri apresiasi 5 bintang , karena pelayanan sangat baik untuk admin Operatornya juga ramah dan baik , semoga semakin sukses ya aamiin"
Ubahtiar,5,2023-08-14 05:28:43,"Good job BSI!!! Semenjak saya menggunakan BSI mobile transaksi saya semakin mudah,"
Muhammad Hasbi Fauzi,5,2023-08-14 05:09:00,Good job BSI
Faiha Alifah,5,2023-08-14 04:55:24,"Fiturnya sangat lengkap sehingga mempermudah orang orang untuk tarik dan bayar tunai bahkan ada fitur infaknya jadi mengingatkan kita untuk selalu sedekah, good job BSI."
Umbar Rahayu,5,2023-08-14 04:38:04,Matab BSI pulih kembali dengan lebih lancar. semua layanan juga bisa digunakan kermbali. makin nyaman pakai BSI. Good job BSI
Heru Wilukman_Hakim,5,2023-08-14 04:27:01,Tapi pas pindH ke hp baru. Kok ngga bisa di buka ya aplikasinya
Ayuning Sinchitta,5,2023-08-14 04:22:23,"selama pakai BSI mobile memudahkan banget transaksi, top e money, dsb"
Sartika Akule,5,2023-08-14 04:20:37,Good job BSI👍alhamdulillah fiturnya sangat membantu sekali
Fitri fiy,5,2023-08-14 04:13:57,"Aplikasinya keren dan mudah di pagami, good job BSI"
Abdul Muhardillah,5,2023-08-14 04:09:32,"Aplikasi aman lancar ,banyak pilihannya dan mudah digunakan"
Ahmad Ian,1,2023-08-14 04:03:17,"Mau daftar ke BSI Mobile sulitnya minta ampun, bolak balik foto kedipkan mata tersenyum dll sudah kaya orang stres dibikinnya, tetap aja gak bisa,....ampuuuun"
Timoti Lumban gaol,5,2023-08-14 04:01:22,Mantap
Lesna Nasution,5,2023-08-14 03:47:34,"Selama pake aplikasi bsi mobile, semua jadi mudah. Good job BSI!"
Nirmala Nurhayati,5,2023-08-14 03:37:34,"Alhamdulillah Good Job BSI, Sekarang fitur-fitur nya semakin baik dan semakin nyaman pada saat digunakan, semoga lancar terus ya BSI aplikasinya 😊"
Noer Annisa Hutami,5,2023-08-14 03:22:25,Mantap BSI! Saya lebih suka karena lebih gampang untuk transaksi atau apapun apalagi seperti saya yang kerja freelance perlu dengan alat untuk transfer.. pokoknya suka bangettt!!!
Arip Rudiman,5,2023-08-14 03:03:35,Aplikasinya bagus detail dapat dipahami dengan mudah
Zahrah Hutabarat,5,2023-08-14 02:50:23,"Aplikasi ini sangat bermanfaat memudahkan saya untuk transfer, top up atau lainnya"
Ika Appy,5,2023-08-14 02:36:55,"Makin lancar ,goodjob bsi,suka layanannya ,mantab bsi, makin keren aplikasinya, aplikasi mobilenye gampang digunakan,seneng pakai aplikasi ini"
H. Tarmizi,5,2023-08-14 01:32:04,Mantep
Nue Nue,5,2023-08-13 23:19:08,BSI semoga tetap menjalankan syariah .. Good job BSI
Mikola Ajp,5,2023-08-13 18:38:18,"Fitur nya sangat lengkap,sangat rekomend banget pokoknya"
Azi Maulana,5,2023-08-13 16:28:00,Mantap bsi!! Makin lancar jaya
Ketika Hati Berbicara,5,2023-08-13 16:01:20,Mudah digunakan
Kosa Kosa,1,2023-08-13 15:11:35,Bobrok Uda di ikuti alurnya tetap aja keterangan kehabisan waktu
fitria cahya,5,2023-08-13 14:39:31,"Selama pakai bsi tidak pernah ada kendala. BSI mantab, Good job BSI !"
Saipul Bakri,3,2023-08-13 14:04:39,"Memori saya fresh masih banyak, dan keperluan pemakaian HP standar tidak buat gaming dan aplikasi yang memakan memori ram yang berjalan di belakang layar saya sedikit dan masih terisa ram tidak terpakai lebih 2GB dari 4GB, tapi aplikasi tetap auto close saat launch..."
Firman Syah gaming,1,2023-08-13 13:33:27,Kenapa susah kali jaringan nya
Tegar Setiawan,5,2023-08-13 13:25:18,Aplikasi ini membuat saya mendapatkan akses lebih mudah untuk melakukan transaksi meskipun jauh dari ATM
jun ida,5,2023-08-13 13:18:04,"alhamdulillah fiturnya sangat membantu sekali dlm berbagai transaksi keuangan,mudah di pakai&aman"
Sanju Silalahi,5,2023-08-13 12:02:24,Ini aplikasi yg terkeren sih menurut saya
zakyanarijal Zakyan,1,2023-08-13 11:41:58,"Sangat tidak membantu,leled verivikasi akunaja 5 Minggu"
bi boo,5,2023-08-13 11:30:41,Makin lancar
Ennisah Nasution,5,2023-08-13 11:28:35,Semoga aplikasi BSI mobile ini makin lancar dan terus berkembang !
Budii Budex,3,2023-08-13 09:27:45,kasih cara hapus dftar transfer antar bank lah
alipha saputra,1,2023-08-13 08:46:18,"Malah gak bisa dibuka sekarang, aplikasi gak bisa dibuka lagi hak tau kenapa."
Margareta Restu,5,2023-08-13 08:22:05,"Good Job BSI. Mbankingnya enak digunakan. Aplikasinya lengkap, memudahkan untuk transaksi dan terpercaya, makin nyaman, makin keren, dan BSI gak ngecewain. Jadi senang deh pakai aplikasi BSI"
Rinaldi Rahman,5,2023-08-13 06:28:59,Good job BSI ! Dengan aplikasi ini sangat dimudahkan dalam berbagai hal.. terimakasih 🙏
Rian Romansyah,5,2023-08-13 04:28:44,Permintaan kehabisan waktu. Bagaimana ini .
Nursriafni Hasibuan,5,2023-08-13 03:52:02,"Alhamdulillah rating 5 untuk BSI Mobile, suka banget sistem nya yg syariah, dan cepat dalam proses pembukaan rekening baru."
Syahidan Zidan,2,2023-08-13 03:50:24,Susah bnget verifikasi no hp ketika ganti hp. Pakai opsi sms gagal mulu
Dennis Tesa,5,2023-08-13 00:24:31,Alhamdulillah mantap tap tap
Jihad Fisabilillah (Ajif),4,2023-08-12 22:44:45,Di tablet saya ngga bisa di bukankenapa y
Syafdio Afdal,1,2023-08-12 20:41:57,"INI BANK MAKIN LAMA MAKIN NGESELIN SAYA LIHAT2 , GILIRAN ADA TRX YANG PENTING ADA AJA MSALAH , MASAK YA SETOR TRANSAKSI SEDANG DI PROSES ,DAN GK MSUK2 KE REKENING SAMPAI SKRANG !!"
Wahyu Hede,1,2023-08-12 18:29:44,"Sangat tidak berguna dan selalu mengganggu transaksi, kenapa kami harus di pkasa memakai bsi ini yang tidak berguna"
fatwa maulana,5,2023-08-12 18:11:36,Bagus
Taca,5,2023-08-12 17:29:04,"Aku baru aja daftar bsi, mobile bankingnya enak digunakan, fiturnya sangat lengkap. Seneng deh pakai aplikasinya kalau gini. Good job BSI!"
Ulya M,5,2023-08-12 15:02:22,"Praktis, nyaman banget buat di gunakan dimana saja dan kapan saja. Gak pernah ngecewain! Fiturnya juga lengkap. Makin keren nih aplikasi nya. Mantap BSI!! Good Job BSI"
lidya febrianti,5,2023-08-12 14:21:37,"Alhamdulillah selama saya memakai BSI mobile semua transaksi lancar dan mudah dilakukan dimana pun, BSI mobile sangat terpacay, maju terus BSI mobile 🤝"
Jasmin Fathimah,5,2023-08-12 12:58:35,Semoga sistem nya lebih bagus lagi
Riska Astuti,4,2023-08-12 12:48:16,Knp BSI mobile saya tidak bisa di akses seperti ngecek sisa saldo?
Tatap Firdaus (Tatap),5,2023-08-12 12:04:31,"Aplikasi oke, tapi kenapa di hp saya tidak ada qris untuk menerima pembayaran di pojok kanan atas?"
Ansil Channel,5,2023-08-12 10:59:53,SANGAT PUAS PAKET BSI! KECEE
070 LUVHIKA,5,2023-08-12 10:26:39,Keren aplikasinya
Misbah Safri,5,2023-08-12 10:23:49,Mengapa setelah diunduh diperangkat HP baru nai mobile saya tidak bisa terbuka Malah tertulis bsi mengalami macet. Mohon bantuannya agar bsi mobile saya bisa kembali digunakan terimakasih bsi.
NUR AZIZ ASHSHIDIQY,5,2023-08-12 07:35:01,Mantab bisa pulih lagi
apendi wae,5,2023-08-12 06:51:05,Oke aplikasi sangat bagus dan sangat membantu GOD JOBS mantaaaappps
Diah Ayu,5,2023-08-12 06:07:49,Transaksi saya jadi lebih mudah menggunakan BSI. Mantab BSI!! Good job.
Muhammad soleh,1,2023-08-12 02:42:21,Parah ni masa kga bisa masuk kga jelas
Haniyah Muframi Azti,5,2023-08-12 02:41:32,selama menggunakan bsi mobile semua urusan jadi mudah. Good job!!
Wiwi Wijasmi,5,2023-08-12 02:24:09,Nice
Al Zul,2,2023-08-12 00:49:52,Proses login sangat payah terutama di bagian proses pengenalan wajah.
Medina Nurrahmah,5,2023-08-12 00:48:13,"Fiturnya sangat lengkap, membantu dan memudahkan sekali dalam melakukan berbagai transaksi dalam beraktivitas."
Siti Rohmah,1,2023-08-12 00:44:30,"Parah aplikasi lemotnya Ampe cs Aisyah nanya ""apa masih terhubung?"" Itu gua nulis harus nunggu dulu tulisannya muncul udah gitu kalo muncul suka salah terus, abis itu ngapusnya juga lama bgt, satu kalimat bisa sekitar satu menit padahal ga panjang, terlalu parah sih inimah"
Dwi Handayani,5,2023-08-12 00:38:41,"Makin puas pakai BSI mobile, segalanya jadi lebih mudah."
Anita Widya Ningrum,5,2023-08-11 23:55:42,"Setelah di update jadi makin baik, Makin keren juga nih aplikasinyaa, seneng deh pakai aplikasinya kalau gini 🥰 good job BSI 👍 makinn lancar jayaaaa 👍👍"
Sarmanah Manah,5,2023-08-11 22:55:03,Alhamdulillah udah Pulis semuanya semua layanan Udah bisa di gunakan kembali makin lancar terus BSI dan Mbanking nya enak di gunakan terimakasih BSi
Siti Huzaemah,5,2023-08-11 17:42:58,Good job BSI!
005_Laila Rahmawati,5,2023-08-11 17:32:39,"Saya sudah pakai apk ini lumayan lama, fiturnya mudah dipahami banyak sekali fiturnya sangat lengkap yang tidak ada diapk lain tetapi diapk ini ada. Good job BSI!"
Arif Mauzaky,4,2023-08-11 15:48:28,Ok mantap lah
Madan Agashi,1,2023-08-11 14:29:55,"Sering bermasalah.. banyak bug saat login susah. dan arah kiblat tidak akurat. harap lebih berhati2, jangan mudah percaya sama app."
Ikhsan Ismail,5,2023-08-11 14:29:40,Selama menggunakan aplikasi bsi mobile jadi mudah dan gampang dalam melakukan transaksi....terima kasih bsi mobile..
SanD,2,2023-08-11 13:39:19,"Untuk aktivasi nya harus berapa kali ya?, Pulsa udh kesedot banyak masih di suruh aktivasi terus..."
Aji muhamad Adam,5,2023-08-11 12:47:44,"good jobs bsi,semoga kedepanya lebih baik."
Gilang Genta,5,2023-08-11 12:34:07,"Mantaaap BSI... Mudah digunakan, fitur2nya pun lengkap & gak ribet... Sangat membantu saat transaksi... Good Job... 👍👍👍"
Uluhiyah,2,2023-08-11 12:11:41,"Knpa ya ketika aktivasi nomor tlp nya malah bilang ka ke daftar , padahal kode otp aja bisa masuk lewat SMS dan nomer yg sama"
Zakkiyah A,5,2023-08-11 12:05:34,"Fiturnya sangat lengkap, sangat membantu orang-orang dizaman sekarang ,sip"
Akram agara,1,2023-08-11 11:20:29,Tersenyum
ari Saputra meidy,5,2023-08-11 11:17:51,Makin keren ini aplikasi
nrlfy_vee,5,2023-08-11 10:49:53,"Saya sebagai pengguna baru merasa terbantu, good jobs BSI !!!"
Diah Diah,1,2023-08-11 10:39:51,"Aplikasi jelek....mau aktivasi SDH 3 Minggu ga berhasil pulsa pun udh hampir 50rb HBS utk SMS dan call center.....udh dtg ke cabang terdekat msh juga belum berhasil, sampai video call ke kantor pusat pun msh ga ada titik terang alasan hp Oppo bermasalah....trs solusinya apa sy hrs ganti hp gt untuk aplikasi ini doank......tolong donk gimana ini solusinya....bosan...mau transaksi online pun susah!!!!!!"
SeLvi Hariska,4,2023-08-11 10:36:14,Kartu ATM BSI gak bisa sembarangan di pake lagi...ga bisa lg tarik tunai di Indomaret atau di ATM lain..kartunya tak terbaca..sangan menyulitkan...
Eciw 99,5,2023-08-11 10:10:59,"Pas udah di update fiturnya semakin bagus banget, pokoknya best banget pake bsi mobile ini"
Wetty Fitriani Br Panggabean,5,2023-08-11 09:44:17,Mantap BSI Aplikasi ini Bagus sekali untuk transaksi. Makin hari applikasi ini tampilannya bagus dan fitur nya sangat menarik. Terimakasih
Fnda Agstna,5,2023-08-11 09:05:17,Alhamdulillah BSI semakin berkembang semoga terus seperti ini yaa
eL Nida,1,2023-08-11 09:00:40,Udah ikuti semua instruksi tetap aja ngk bisa dibuka
Dian Anita,1,2023-08-11 08:52:04,Kecewa dengan aplikasi ini
Aulia Azzahra,5,2023-08-11 08:09:04,"Makin banyak fitur yang mempermudah untuk melakukan transaksi, good job BSI!"
Hasbi Dangkal,5,2023-08-11 07:57:37,Aplikasinya nggak pernah ngecewain 👍
Eko Apriyanto,5,2023-08-11 07:01:28,"Setelah pakai BSI mobile mau transfer, bayar tagihan , dll lebih mudah, mantap BSi"
Tina Martina,5,2023-08-11 06:48:45,"MasyaAllah tabarakallah,,,Alhamdulillah BSI selalu memberikan kemudahan kepada nasabah,selain cepat juga mudah ,,sukses selalu BSI semakin maju dan memberikan yang terbaik untuk bangsa."
Bayu Ardhy Putra,5,2023-08-11 06:45:04,Wow dengan bsi transaksi jadi mudah
mm 19,1,2023-08-11 06:15:50,"Sangat membuang2 waktu saya, buat mbanking harus proses berhari2.. tingkat kan lagi kerjanya"
Hana Nabilah,5,2023-08-11 05:19:28,Alhamdulillah sekarang sudah pulih kembali. Semoga makin memudahkan 🥰
Jessica Sijabat,5,2023-08-11 05:06:38,GOOD JOB BSI!
Nurhayati Harahap,5,2023-08-11 05:01:07,"Selama pakai BSI mobile sangat memudahkan saya dalam bertransaksi, mantap pokoknya 👍 good bsi mobile"
Yuza Fariana,1,2023-08-11 04:48:16,"Ngabisin pulsa aja, udah 2x kirim sms masi ga bisa aktivasi akun kaya bangke aplikasinya"
Anggita Erlin Riftasari,5,2023-08-11 04:44:20,"Good job BSI! Alhamdulillah, fiturnya lengkap bangett, pake ini luar biasa bantu banget sii, rekomendasi banget aplikasi ini, semoga kedepannya makin lancar yaa BSI!"
Syifa Alfiona,5,2023-08-11 04:30:27,"Makin nyaman pakai BSI sekarang, dari awal peluncurannya udah download BSI mobile dan makin ke sini makin memudahkan user, bayar-bayar gak perlu ngantri ke ATM bisa lewat hp. Terus sekarang fiturnya juga makin lengkap, good job BSI!"
Indah Pontoh,5,2023-08-11 04:23:35,"Pertama kalinya pake BSI lancar, aku gak perlu ke bank untuk buka rekening baru. Mana cepet lagi prosesnya. Luvvv deh"
Maharani,5,2023-08-11 04:08:15,"Aplikasi nya bagus sekali, rekomonded sih untuk memudahkan kita bertransaksi 👍"
Piolaaa Nananaa,5,2023-08-11 04:05:42,Menarik
Fadya Armelia Az'zahra,5,2023-08-11 04:03:58,"BSI mobile selalu membuat nasabah nyaman memakainya, selalu stabil dan tidak pernah ada kendala dalam pemakaian aplikasinya"
Nizwar Dgm,5,2023-08-11 03:54:34,Alangkah baiknya aktifasi diganti dengan cara memasukkan nomor kartu saja.. sprti Livin mandiri. Lebih memudahkan.. aktifasi terbaru dengan cara verifikasi wajah senyum kedipkan mata dll selalu gagal. Perintah mencoba beberapa saat lagi selalu seperti itu. Sehingga tidak bisa aktifasi.
Faza,5,2023-08-11 03:54:17,Wah dengan adanya BSI Mobile ini sy semakin mudah dalam melakukan transaksi tampilannya juga Keren abiss... pokoknya BSI Mobile the best.
ikhwanul ikhsan,5,2023-08-11 03:44:43,Selama menggunakan aplikasi ini memudahkan saya untuk melakukan transaksi dimanapun dan kapan pun terimakasih😇
Rizky Syafutra,5,2023-08-11 03:43:56,Selama pake aplikasi bsi mobile jadi gampang dan memudah kan.good job BSI!!
WINANTO,5,2023-08-11 03:41:12,Setelahsaya menggunakan BSI jadi mudah untuk bertransaksi transaksi pembelian dan pembayaran jadi lebih enak.
Ahadi Naufal,5,2023-08-11 03:40:41,Baik
Hisyam Ghifari,5,2023-08-11 03:35:12,"Alhamdulillah udah pulih semuanya dan Mobile bankingnya enak digunakan, Semoga kedepannya BSI MOBILE makin lancar dalam penggunaannya."
Diah Pitaloka,5,2023-08-11 03:23:01,Good job BSI! Setelah menjadi pengguna BSI akhirnya merasakan keamanan bertransaksi. Gaada kendala sama sekali dan BSI juga punya tabungan tanpa potongan admin yang tentunya bagus buat kantong pelajar seperti aku
Alexander F. Sitorus,5,2023-08-11 03:22:51,"Mau Transfer Aman, Mudah Dan Lancar Saya Pakai BSI jdi transfer ataupun transaksi aman mudah dan Terpercaya. Makin Lancar Jaya!"
Gigih Sumardi,1,2023-08-11 03:08:09,Kok kyk gini aplikasi nya gak bisa dicopot.
Fira,5,2023-08-11 00:42:31,"Seneng banget ternyata pake m-banking BSI bisa memudahkan transaksi. Aplikasinya keren dan mudah dipahami. Keren banget, good Job BSI!!!"
22-076 Xyani Mauly gunarti,5,2023-08-11 00:33:39,Wow bagus banget bsi selama pake aplikasi ini jadi gampang untuk melakukan pembayaran makasih bsi
Gun Adi,3,2023-08-10 23:54:52,"Setelah update terbaru ini,, sya jadi gak bisa buka aplikasi.. Selalu force close pas dibuka.. Tolong segera dperbaiki..."
Wahyudi Hn,5,2023-08-10 23:16:14,"Mantap BSI!! Dengan fitur yang lengkap yang digunakan berdasarkan syariah, maka kita bisa menggunakannya secara aman."
Muhamad Yusuf,5,2023-08-10 18:27:22,Ok
Depi Dipanggil,5,2023-08-10 17:35:47,Aplikasi bsi sangat simpel dan membantu
kevin hakim tarmizi,1,2023-08-10 16:59:20,Sampah
Via Octaviana,4,2023-08-10 15:27:11,"Great, for now"
Ahmad adi Yulianes,5,2023-08-10 14:40:55,Allhamdulilah BSI semakin jayaa bagus
Idang Kustiwa,1,2023-08-10 13:45:22,Setelah di un install karena hp reset dan install lagi jadi gak bisa membuka baru sampai Assalamualaikum sudah tutup lagi Apk nya....please bantu dong
Dirin_gagah,5,2023-08-10 12:39:43,"Mantap banget BSI!!! Aplikasi yang sangat luar biasa banget, fitur-fiturnya tidak pernah mengecewekan. Intinya BSI mobile mantul. GOOD JOB BSI!!!!!"
Anniya Rauf,5,2023-08-10 12:25:29,Suka banget sama aplikasinya jadi transfer makin mudah👍 fitur fiturnya juga gampang digunain... Jadi makin mudah menggunakannya.
Juraid Abu Muta,5,2023-08-10 12:21:32,BSI SELALU DIHATI 😍☺
Ahman Dani,5,2023-08-10 12:20:39,Makin nyaman pakai aplikasi BSI sekarang aplikasinya gak pernah ngecewain! Buruan yang belum coba wajib download.
Dinda sulistiawati Wati,5,2023-08-10 11:58:39,Aplikasi BSI mobile sangat bagus dapat memudahkan saya lebih mudah dalam bertransaksi setiap hari nya
Munawar Saiman,5,2023-08-10 11:50:22,Aplikasi terus berhenti..ketika dibuka
Amir Amir,4,2023-08-10 11:34:31,Bank syariah terbaik
Sella Nindy Hidayah,5,2023-08-10 10:55:58,"Alhamdulillah pulih kembali, good job BSI semoga lancar jaya.. fitur nya sangat lengkap makin nyaman pakai BSI ☺️☺️☺️"
Imam Sofyan,5,2023-08-10 10:46:16,"Keren terbaru sangat mudah digunakan, tidak bingung jadinya"
Vin University,5,2023-08-10 10:29:03,aplikasi kasih ini sangat membantu saya dalam hal pembayaran apapun GOOD JOBS
Muhammad Ilham,1,2023-08-10 10:02:57,Gagal terus proses aktivasi nya
Insah Mujahidah,5,2023-08-10 09:50:26,Wah sekian semakin lama apk BSI makin lancar dan mantapnya bisa pulih kembali. Mbankingnya enak digunakan karena fiturnya sangat lengkap jadi lebih keren sekarang sih apknya. Gak salah sih pilih BSI soalnya semakin nyaman pakai apk BSI apalagi sekarang semua layananya sudah dapat digunakan lagi. Pokoknya mantap BSI dan Good job BSI
Awi Gaming,5,2023-08-10 09:38:00,Saya dari pertama keluar BSI di Aceh Langsung saya burek( buka rekening) secara online dan pemakaiannya enak banget semua transaksi saya lancar banget...Good Job BSI.!!!
HaibooMon,5,2023-08-10 09:28:21,bagus banget🥰
BlessingShot (BlessingShot),5,2023-08-10 09:19:08,"Aplikasi yang sangat bagus,memudahkan untuk menyimpan uang"
Dian Oktavina,5,2023-08-10 09:14:50,Makin nyaman pakai aplikasi BSI sekarang aplikasinya nggak pernah ngecewain. Mantap BSI!!
Romadhanil Saputra,5,2023-08-10 08:55:28,Alhamdulillah sistem mobile BSI makin lancar. Transaksi lebih aman dan nyaman.
Didit Dwi Admojo,5,2023-08-10 08:48:25,"Mantap BSI !!! Aplikasi dengan tampilan yang ""user friendly"" sangat mudah digunakan dalam bertransaksi sehari-hari. Recommended pokoknya!!!"
kahfi hilmawan,5,2023-08-10 07:12:08,Aplikasi mudah untuk digunakan & sangat bisa di andalkan terutama dalam pemakaian sehari hari
Muhammad Fauzi,1,2023-08-10 06:59:28,"Sangat tidak recommended bank ini sekarang, mesin ATM nya rusak saldo saya hilang 2.4jt, complain harus nunggu sampe seminggu untuk lihat transaksi berhasil. Hancur pak Eric hancur hancur ini merger anda pak, maling aja isi bank ini."
elvhin andini,5,2023-08-10 06:49:11,Sangat membantu
Whullan Dari,5,2023-08-10 06:13:37,Makin lancar Semua layanan jadi mudah digunakan
Laisa Taniya,5,2023-08-10 05:29:55,"Enggak perlu repot2 bawa uang cash lagii, tinggal pakai aplilasi BSI ini aja bisa memudahkan banget dalam bertransaksi😭😭😍😍, teruss fiturrnya lengkapp bangett sekarang, jadi seneng pakai aplikasinya kalau gini, Mantap BSI ! Good jobs BSI🥳🥳"
Karimz Em,5,2023-08-10 05:15:17,Alhamdulillah lancar terus seperti ini pertahankan terus kenyaman sukses terus 😍
Umi Hasanah,5,2023-08-10 04:51:09,"Alhamdulillah sudah pulih, bisa di akses lagi dengan fitur yang lebih lengkap, sedang bis akembali ke BSI lagi"
Fitria Fitri,5,2023-08-10 04:46:19,Oc
Nahdiah,1,2023-08-10 04:37:18,Uda di instal ko'nggak bisa di buka ya
Dewi Ratna Sari,2,2023-08-10 04:33:00,"App nya tiba² close sendiri, katanya minta update, tp gak ada keterangan update juga playstore."
Ahmad Fadhillah,5,2023-08-10 04:30:06,"mantap nih makin berkembang aja, sukses terus"
lulu mais,5,2023-08-10 04:22:09,"Alhamdulillah makin lengkap fiturnya,, smoga kedepan tidak ada kendala lagi.. Sukses trus BSI"
Khairul Aruull23,5,2023-08-10 04:20:37,Alhamdulillah sudah pulih semua Lebih keren nih sekarang aplikasi nya Setelah maintenance jadi makin baik Fitur nya sangat lengkap Makin lancar jaya Fitur nya sangat kengkap God job bsi Keren abis Ga nyesel pake bsi selama ini
Sanam,1,2023-08-10 04:18:29,"Sangat sangat tidak tidak tidak.... ramah dengan nasabah yang penuh dengan kesibukan, aktivasi bsi sulit padahal wajah sendiri ga kedeteksi kemudian dialihkan vcall dan tiba tiba saat terhubung vcall diputus oleh cs dan keteranganya menunggu lagi...wkwkkw. untung dana sudah dipindahkan. Migrasi ke yang mempermudah nasabah. Terimakasih"
Rina Rustiani,5,2023-08-10 03:44:22,Makin nyaman pakai aplikasi BSI sekarang... Sangat mudah
Nico Niken,5,2023-08-10 03:31:48,Bagus
Fitra Rizki Nasution,2,2023-08-10 03:15:30,chain validation failed
Myasineko Prayitno,5,2023-08-10 02:54:32,Mantap bsi selalu sukses selalu melayni payroll kamii
nots joke,5,2023-08-10 02:35:07,"Sesidah adanya maintanance, aplikasinya menjadi lebih baik dan makin mudah melakukan transaksi melalui BSI. Mantep nih BSI, aku jdi lebih suka pake BSI dong"
Vera Rahmadani,5,2023-08-10 01:53:47,Aplikasi sangat mudah dan nyaman digunakan. Sukses Good job BSI !!! 😇
Cintya Berliana,5,2023-08-10 01:46:35,"Makin keren ini BSI Mobile, fitur nya sangat lengkap ada waktu sholat bisa cari masjid terdekat, gak gampang ngelag², mobile bankingnya enak digunain seneng deh pakai aplikasinya kalau gini. Keren banget BSI, good job, BSI mantap is the best👍👍"
Wawan Setiono,5,2023-08-10 01:24:44,BSI MAKIN TOP!!!
Killer Hunter,1,2023-08-10 01:07:39,Mau aktivasi gak bisa terus parah ini bank
Dean,5,2023-08-10 00:38:41,"mantapp, Makin keren nih aplikasinya, banyak pilihan fitur di bsi, yang memudahkan aku untuk transfer, top-up e wallet, dan bisa tarikkk tunai jugaaaa. Mantap BSI!!"
Vega Wahyu Oktaviyan,1,2023-08-10 00:36:17,Sudah masukkan data yg benar tapi aktivasi gagal terus.. padahal Nomor & device hp yg di daftarkan
Anddi Nurdiansyah,1,2023-08-09 23:57:49,"Pembelian internet dan paket data besaran GB nya gak jelas, jd seperti membeli kucing dlm karung ..."
Saripudin S.Ag.,1,2023-08-09 23:56:59,Lambat aplikasi
Maya Nazhmia,5,2023-08-09 23:35:18,Good job BSI!!! Aplikasinya bagus banget fiturnya juga lengkap jadi sangat memudahkan kita untuk bertransaksi Thank you bsi Jayaa terusss
Lilya Jsf,2,2023-08-09 22:50:21,"BSI merupakan Bank Syariah terbesar saat ini di Indonesia, tp sayang sekali gk ada feature simpan nomer rekening , hanya ada favourite itu juga khusus BSI aja, utk beda bank walo di save favorit ttp gk muncul harus ketik manual. Bank Syariah lain spt Sumut Syariah aja bisa simpan no rekening. Trus kenapa bs ada E- Emas? Emas itu gk bs dicicil dan dibeli online. Hrus cash uang dan barang bersamaan transaksi antara pembeli dan penjual tidak bs dicicil dalam Syariah Islam. Coba kaji dlu lbh dalam."
Nandang Sutisna,5,2023-08-09 20:19:37,Alhandulilla cukup prajtis m-banking
Martin Simorangkir,3,2023-08-09 20:11:41,"Setelah diperbarui BSI MOBILE versi 6.18 , malah sering log out, susah masuk saat input password, dan kurang nyaman"
Aryudhi Singarimbun,5,2023-08-09 19:33:56,"Aplikasi BSI mobile sekarang jadi lebih keren, mobile banking nya juga lebih enak digunakan dan gk pake ribet, make BSI jadinya makin nyaman karena sudah di update jadi lebih baik dan fiturnya juga jadi sangat lengkap dan semua layanan nya sudah bisa di gunakan lagi, aplikasi BSI memang gk pernah ngecewain, good job BSI!!!!"
Wahyu Nur Fajrin,3,2023-08-09 17:23:25,"Sejak diupdate apknya jd gk bisa trbuka,, selalu force close pdhal sebelumnya baik"" sj"
Riska Putri,5,2023-08-09 15:19:18,Aplikasi ini sangat mendukung. Good job BSI!!
Nurpadillah,5,2023-08-09 14:48:39,Makin kesini makin keren sih BSI mobile
M Ilham Sakubat,1,2023-08-09 14:45:15,"Si paling gangguan ! Baiknya pindah ke Bank Lain saja, ketimbang bank ini, sudah sering mengecewakan."
alfan salim,1,2023-08-09 14:32:23,"Sangat disayangkan Bank sekelas BSi tapi mesin ATMnya pada jadul gk bsa buat setor tunai, Uda gtu kantor cabangnya juga susah ditemui sehingga sangat menyulitkan nasabah yg mau setor tunai"
Kaya Melintir,5,2023-08-09 13:22:55,Alhamdulillah sudah lancar lagi
Anisa Rahmanda,5,2023-08-09 13:01:18,Seneng deh pakai aplikasinya kalau gini
Ahmad Abu Ahfa,2,2023-08-09 11:37:00,"Saya nasabah bsi, merasa kcewa, masa aplikasi BSI tidak bisa di aktivasi lewat android merek wiko (begitu kaya petugasnya). Apakah aplikasinya suport berbagai android atau tidak. Tolong penjelasan nya. Kalau memang tidak efektif, saya sarankan: pesan kepada sya aplikasi BSI biar saya buatkan. Silahkan hubungi saya lewat email"
"Aceng Ucing,",1,2023-08-09 11:20:51,Gk bisa di buka.jelek ah.susah login aja.pdhal sudah poto ktp dlll edan ya allloh aplikasiny
Novi Ramadanika,5,2023-08-09 10:44:52,"Alhamdulillah,Good job bsi,makin jaya terus ya setelah di update jadi makin baik dan lancar,terus berkembang ya"
Abdul Malik,3,2023-08-09 10:44:40,"Untuk kesekian kali nya.. dari hari senin sampai hari ini, pembayaran melalui qris, tidak sesuai.."
019 Arumsika Agustina Aisya,5,2023-08-09 10:40:39,"keren banget sii bsi ini soalnya fiturnya uda lengkap bgtt jadi makin nyaman pake apk bsi, mantappp bsi🤩"
Sri Purwanti,2,2023-08-09 10:19:26,"Sangat buruk, setelah di update malah tidak bisa dibuka sama sekali ""bsi mobile banking terhenti"""
Rofiyatus Adamiya,1,2023-08-09 09:21:41,Aplikasi terus berhenti
Redika Dwi Mauliddin,5,2023-08-09 09:03:56,"Fitur Mudah Dipahami,sangat bagus. Good job 👍"
irsyad kamil,2,2023-08-09 08:45:14,Sering eror
Ade Yoza Chanel,5,2023-08-09 08:44:39,"Mantap,makin lancar aja, jaya selalu bsi"
Setiyowati's Zone,5,2023-08-09 08:15:21,"Update terbaru aplikasi BSI lebih nyaman digunakan nih, transaksi jd lancar, fiturnya sangat lengkap, jd makin nyaman pakai aplikasi BSI. Mantap deh pokoknya 👍👍👍"
bee rahmawati,5,2023-08-09 08:10:16,Sejak ada BSI Nabung jadi lebih aman dan tidak ada potongan admin per bulan nya. Semangat nabung untuk modal pebdidikan anak terimakasi bsi
Ayu Ghitaswari,5,2023-08-09 08:08:33,Aplikasi yang sangat membantu fitur-fiturnya mempermudah dalam melakukan transaksi. God job BSI
ani Arcilla,5,2023-08-09 07:28:00,Segala urusan soal perbankan menjadi mudah Krn adanya BSI mobile..aman dan terpercaya..sukses selalu
umar putra ppdt,5,2023-08-09 07:22:19,"Alhamdulillah semenjak apk ini di perbarui semakin lancar dan tidak ada halangan, good job BSI!"
Eky Febrianti,5,2023-08-09 07:14:38,"Fiturnya sangat lengkap memudahkan kita untuk melakukan transaksi di manapun kapan pun,sukses terus BSI mobile"
Joko Sarwono,5,2023-08-09 07:08:48,Good
Maz Akbar,1,2023-08-09 06:40:17,Tidak bisa untuk redmi 9
Elsa Nurul,5,2023-08-09 06:30:24,"Makun keren nih aplikasinya, fiturnya juga lengkap, aplikasinya nggak pernah ngecewain. Makin lancar jaya, good job BSI"
Aika Islamita,1,2023-08-09 05:32:37,Ini kenapa macet gak bisa di buka ya Udah 5 hari lo
Nur Hadidah,5,2023-08-09 05:16:55,Sangat membantu dengan menggunakan BSI mobil
Iwak Gathul,1,2023-08-09 04:48:46,"Aplikasi tidak bisa dibuka, terdapat pesan ""aplikasi tidak bisa dibuka karena memiliki bug, silahkan hubungi pemgembang"""
Ahmad Hakim,5,2023-08-09 04:32:46,Aplikasi BSI Mobile mudah untuk transaksi nya dan mudah dan bagus gk kecewa pokonya (sukses selalu BSI Mobile)
Aisyah Ramadani Basri,5,2023-08-09 04:14:35,"fitur di dalam aplikasinya sangat lengkap, kita bisa menggunakannya dengan mudah"
Wiwin Ar,5,2023-08-09 04:10:01,Terimakasih
Esi Dewi,5,2023-08-09 04:03:29,"Setelah di update jadi makin baik nih applikasinya, Seneng deh pakai aplikasi nya kalau gini karena sekarang Fiturnya sangat lengkap. Good job BSI"
Teges Sekar,5,2023-08-09 04:02:46,"Senang deh alhamdulillah BSI udah pulih lagi semuanya, lancar dan keren emang pilihan terbaik pake ini fitur nya lengkap mbanking juga gampang dan satset dipakenya. Good job dan sukses selalu BSI! :)"
Elgi Buriyanti,5,2023-08-09 04:02:39,Bsi mobile sangat membantu apalagi didalam nya terdapat fitur-fitur yang mudah untuk di pahami bagi pemula.
Suhendi Ntx,4,2023-08-09 03:52:35,Saya tidak dapat masuk ke aplikasi nya😭 Saya daftar menggunakan no xl . Rekening saya udah jadi bikin di kantor cabang natuna
Dimas wahyu,2,2023-08-09 03:44:08,Punya saya kok tiba-tiba gak bisa di buka kenapa ya? Mohon bantuannya
mza gaming,5,2023-08-09 03:42:27,Aplikasinya bagus
Eka Pranata,5,2023-08-09 03:34:40,Baik
Veny Putry,5,2023-08-09 03:33:29,Semenjak pakai aplikasi BSI mobile jadi gampang
Puantaqiyyah fathani,5,2023-08-09 03:13:37,Jadi lambat aplk ny
Mustolih Mus,5,2023-08-09 03:08:17,Pokoknya BSI the best deh top markotop sangat membantu
Ahmad Marzuki,5,2023-08-09 02:59:31,"Alhamdulillah BSI sudah lancar digunakan untuk transaksi, terimakasi BSI. Seneng banget pokoknya"
dirwan nts,3,2023-08-09 02:53:56,"Tolong solusinya... Setelah ganti hp, sangat sulit untuk verifikasi wajah."
anna sonia,1,2023-08-09 02:14:16,"Sblm dan sesudah jadi nasabah, masalah aplikasi ini ga kelar2. Sdh hubungi via email disuruh ke ktr cbng. Sdh ke ktr cbng disuruh telpon call center. Telp call center disuruh ke ktr cbng. Anak SD jg bisa klo cmn jawabannya enteng gt. Ga ada yg cerdas apa y? Nyesel jd nasabah bsi!!!"
Hadrian Damara,5,2023-08-09 01:47:26,"Aplikasi ini memiliki fitur yang sangat membantu pengguna baru dan sangat bermanfaat bagi semua orang, sukses terus"
Kowai Desu,1,2023-08-09 01:39:29,"Astagfirullah, tadi masalah verifikasi wajah nya yang jadi masalah, sekarang udh bener malah nomer wa nya yg dipermasalahin, orang jelas jelas wa aktif tapi malah ke baca tidak aktif"
ratna alhayyu,5,2023-08-09 01:07:35,Bagus
primasty kusumawardhani,5,2023-08-09 00:49:44,"Sebagai nasabah BSI, kemarin sempat panik karna pemberitaan yg viral terkait hacker. Tapi ternyata BSI berhasil membuktikan bahwa BSI merupakan perbankan yg sangat amat aman dan bertanggung jawab. Semakin yakin dan nyaman pakai aplikasi BSI sekarang, setelah maintenance malah semakin baik. Semoga makin lancar jaya jaya jaya!!!"
Aufa Nabila,5,2023-08-08 23:52:52,Dengan adanya Aplikasi BSI Mobile ini kita lebih mudah dan praktis serta aman dalam melakukan transaksi. Good job BSI.
Elisa Nopita,5,2023-08-08 23:52:07,"Setelah update, aplikasi BSI jadi lancar bangett dan memudahkan. Mantap bangett pokoknya!"
endang nuryadi,2,2023-08-08 23:50:24,dah gaya pake fitur muka tp ngak meneng baeee app..jd ngak bisa login lagi dah
song suji,5,2023-08-08 23:49:18,semoga makin maju teruss
Prima Protech,1,2023-08-08 23:02:23,Saya bayar tokopedia sebesar 71rb tetapi pembayaran tidak masuk ke tokopedia. Sedangkan saya cek di mutasi ada transaksi sebesar 71 rb. Saya coba tf lagi ke tokopedia 71 rb dan pembayaran masuk ke tokopedia. Saya cek mutasi ada transaksi 71rb 2x. Yaitu yg pertama dan kedua. Saya ga abis pikir sekelas bank syariah kok berani ambil uang yg bukan haknya. Saya sdh lapor disuruh nunggu 1x24 jam. Sudah saya duga akan terjadi drama. Cukup kali ini aja pake bsi.
MUHAMMAD nurul islam,1,2023-08-08 22:24:33,"Aplikasi susah banget saat aktivasi, pada bagian SMS aktivasi, setelah mengirim pesan malah keluar lagi dan mengulang proses aktivasi dari awal. Tolong benerin dikit lagi. Sering eror juga . Transfer malah gak masuk."
Khalik Apriansyah,5,2023-08-08 21:53:42,makin seneng pake bsi mobile ini setelah di update fiturnya jadi makin baik
Rico Juliansyah,5,2023-08-08 19:31:17,"Good job BSI, dengan adanya update untuk aplikasi ini semakin memudahkan saya dalam melakukan transaksi"
Rika Rahim,1,2023-08-08 17:35:19,"Setelah update kenapa jadi aplikasinya tidak bisa dibuka. Sudah di instal ulang juga tetap tidak bisa ke buka, sudah hapus histori tetap tidak bisa terbuka. Ini bagaimana yaaa kok kek gini aplikasinya.. tolong dong di perbaiki lagi"
sakinah tricahya,5,2023-08-08 15:47:32,Makin sini makin lancar sukses terus BSI
IFTITAHUR R.K,5,2023-08-08 14:47:38,Dengan adanya BSI Mobile memudahkan dalam bertransaksi😊
Tenri Sau,5,2023-08-08 14:33:59,Bintang 5
Herlindha Kurniaaa,5,2023-08-08 13:50:27,"Masuk aplikasinya mudah tdk ribet, melakukan pembayarannya jg jd sangat mudah dan praktis.. GOOD JOB BSI!!!"
Doni yusuf,1,2023-08-08 13:49:09,Aplikasinya ko gak bisa di uninstal sih?
Rini Rahayu Febrianty,5,2023-08-08 13:22:41,"Alhamdulillah sudah pulih, good job BSI"
Ar Baiyah,1,2023-08-08 13:17:27,💩
ranny julianti,5,2023-08-08 12:54:48,Alhamdulillah jd di permudah lagi pake aplikasi nya good job BSI 👍
milea syarmila,5,2023-08-08 12:53:30,Ketika saya menggunakan BSI mobile transaksi saya menjadi lebih mudah dan praktis
SINTIA DEVI CAROLINE PUTRI JINGGA,5,2023-08-08 12:52:36,Udah pakai BSI dari jaman kuliahan. Skrg jd IRT juga masih setia pakai BSI. Smpe ke tabungan anak jg di BSI loh.. love love sama BSI ❤️
Cintammy Annisa Damayanty,5,2023-08-08 12:46:38,"Aplikasinya sat set banget, walaupun baru pertama kali buka tapi ga bikin bingung, good job BSI mobile👍"
Karin Doang,5,2023-08-08 12:18:37,Alhamdulillah aplikasi nya bagus banget kalian wajib download sihhh karna bagus aku kasi bintang 5
susanti eka wulandari,5,2023-08-08 12:07:39,"Semenjak ada BSI mobile saya bisa transaksi dimana saja benar benar memudahkan saya , trima kasih BSI mobile, good job."
Andri Kawi,5,2023-08-08 11:08:39,Keren
faisol fahad,5,2023-08-08 11:07:06,Baik
Eka Ananda,4,2023-08-08 11:01:46,"Mengapa saya tidak bisa meng aktivasi padahal saya sudah masukan semua no dan keterangan yg tepat,kata nya invalid parameter"
Safira Hastari,5,2023-08-08 10:59:12,Mantap BSI !
KEVIN BASP,5,2023-08-08 10:09:23,"Makin mudah bayar tagihan ini itu dengan BSI mobile, mudah caranya pemakaian nya dan jarang ada bug atau eror"
fathya farah fadhila,5,2023-08-08 10:08:38,Oke
Zahwa Nabila,5,2023-08-08 10:01:51,"Keren makin nyaman pakai fitur ini, good job BSI!!"
Muhammad Miftah,1,2023-08-08 09:46:03,"Proses verifikasi sangat susah menggunakan wajah pose tersenyum dan membuka mulut, akhirnya saya memutuskan untuk uninstall aja. Tolong kabarin saya Klo sudah di update sistem menyebalkan ini"
Andri saputra Saputra,1,2023-08-08 09:25:42,mau mendaftar aja sulit bgt buat masuk padahal jaringan wifi tetep aja tidak ada jaringan
Aroman Kite,5,2023-08-08 09:09:04,Mantap bisa pulih
Sari Anggraeni,5,2023-08-08 09:03:59,"Good job BSI mobile mempermudah untuk transaksi jadi gak usah""keluar ke ATM untuk transfer bisa lewat BSI mobile ini Poko nya mantap"
Min Yunki,5,2023-08-08 08:59:44,"Fitur-fitur BSI udh makin bagus dari hari ke hari. Kemarin pacar sy bilang rekening BSInya gangguan, saat dateng ke salah satu cabang langsung bisa dilayani dg baik. Jadi bukan dari segi aplikasinya aja, pelayanannya pun oke. Good job BSI"
Wihda Nda,5,2023-08-08 08:58:17,"Selama aku pakai apk ini transaksinya jadi mudah,good banget"
ALFANDI,1,2023-08-08 08:30:36,"aplikasi tolol, suruh joki apk dikasih rating 5 malah g dibayar"
Humaira Hany,2,2023-08-08 08:27:41,Kok malah ga bisa akses....
arkan faizal,1,2023-08-08 08:10:14,"Bolak balik buat ngaktifin mbanking susah amat, habis verif kirim sms kelulang terus sampai pulsa habis, applikasi setelah aktivasi tidak bisa dibuka, hp redmi note 4"
Ceicilia Grace Olive,5,2023-08-08 07:41:40,"Seneng deh pakai aplikasi nya kalau gini, setelah update jadi makin bagus, dan lengkap bisa nabung emas, bisa berbagi, bisa belanja juga"
muhammad saputra,5,2023-08-08 07:38:38,Bank paling andil untuk saat ini 🙌
Lidya Ayu,5,2023-08-08 07:26:48,"Setelah diupdate aplikasinya jadi tambah keren fiturnya sangat lengkap, gaada kendala apapun makin keren deh aplikasinya mantab BSI!!😉"
C_108_ Yayu Cahya,5,2023-08-08 07:24:54,"Sangat mudah menggunakannya, fiturnya lengkap. Keren pokokmya BSI 👍"
Amoria Mahdalena,5,2023-08-08 06:15:16,Mantap BSI!!! Dengan Fitur-Fitur didalamnya sangat memudahkan dalam melakukan transaksi
Fadhilah Fatma,5,2023-08-08 05:46:17,Wah ga salah si milik pake BSI soalnya amanah bangett
Umi Khanifah,5,2023-08-08 05:40:36,"setelah maintenance jadi makin baik aplikasinya, lancar semuaa, fiturnya mempermudah kegiatan transaksi saya, Mantap BSI!!!"
Rizky Fitriani071,5,2023-08-08 05:34:15,Puas sekali dengan fitur yang ada di BSI .memudahkan sekali untuk bertransaksi.semoga semakin baik dan dapat memberikan pelayanan yang bagus
Muha'amad Bayu Ardiyansyah,5,2023-08-08 05:33:48,aplikasi yang sangat membantu sekali bsi memang top rekomen banhat
Hesti Anggraeni,5,2023-08-08 05:15:43,"Mobile Banking nya enak digunakan jadi lebih mudah untuk transaksi, makin nyaman deh pakai aplikasi BSI sama sekali ga mengecewakan pokoknya"
Fauzi Akil,1,2023-08-08 05:12:45,"Di Android 10 SAMSUNG S 20 FE aplikasi tidak berfungsi dan selalu keluar atau crash padahal saya pengguna setia BSI dr awal mulai, mohon utk developer agar di bantu pengembangan nya !!! Ngapain hub bsi call ? Kan cuma perlu develop nya utk perbaiki bug yg ada di apikasi ini terhadap android 10? Ini bukan SOLUSI nama nya. KALAU NDK SANGGUP BIKIN APLIKASI M BANKING NDK USAH BIKIN, SUNGGU KECEWA DENGAN JAWABAN YG TIDAK ADA SOLUSI NYA !!!!!!!!"
Ayub Siswanto,5,2023-08-08 04:57:17,"Makin keren nih aplikasinya fitur-fitur nya semakin lengkap, mantap"
Yunita Sari,5,2023-08-08 04:54:00,Alhamdulillah lancar jaya Semua fitur bisa digunakan dengan lancar Thanks BSI
Ika P Ramadhani,5,2023-08-08 04:49:23,Good job BSI! Mudah pakainya
Zainuddin SE,5,2023-08-08 04:39:04,Dengan adanya medsos tersebut sangat membantu dalam banyak hal
Jajat Syafaat,5,2023-08-08 04:28:27,Aplikasinya bagus
Akbar,5,2023-08-08 04:25:57,aplikasinya bagus keren BSI
Shinta Tresna,5,2023-08-08 04:24:12,"Mantaap makin bagus aja nih aplikasi, sangat mudah digunakan, GOOD JOB BSI !!!"
Kaka,5,2023-08-08 04:20:47,Good jod BSI! Semenjak ada BSI mobile saya jadi mudah untuk bertransaksi dll pokonya thebest dehh.
Mega Aprela,5,2023-08-08 04:13:34,"Fitur nya sangat lengkap, lebih mudah digunakan. Bener bener mempermudah pengguna banget. Seneng deh pakai aplikasi nya kalau gini. Pertahankan ya. Good job BSI."
Dwinata Windya Putri,5,2023-08-08 04:11:37,Alhamdulillah sangat mudah di gunakan dan makin lancar dalam proses transaksi 💙
reja,5,2023-08-08 04:08:35,"Good job BSI! Setelah maintenance jadi makin baik, jadi makin nyaman pakai aplikasi BSI sekarang"
Zumaeroh Siti,5,2023-08-08 04:07:24,Ok
20. MOCH. GELLVIN FUTARA,5,2023-08-08 03:52:01,"Aplikasi ini sangat mudah di pahami, dan sangat mudah untuk melakukan transaksi"
SUNARDI SUNAR,3,2023-08-08 03:45:18,Kasih tiga dlu bru mau coba
Yossy Septia,5,2023-08-08 03:44:18,BSI Mobile sangat mempermudah segala transaksi yang dibutuhkan .. GOD JOB BSI
Ranira Official,5,2023-08-08 03:39:39,"Alhamdulillah udh pulih semuanya, mobile banking nya enak digunakan, fiturnya sangat lengkap, makin lancar jaya, mantab bisa pulih, mantab BSI, good job BSI."
Didi Zakky,3,2023-08-08 03:27:01,"Setelah update jadi riset sendiri, padahal sebenarnya tidak ada masalah. Nambah bintang jika sudah normal kembali"
imam fauzi,5,2023-08-08 03:25:27,aplikasi ini sangat bagus bangett
agif alfikri,5,2023-08-08 03:24:44,"Mantap BSI !!! Aplikasi M-Bangking yang sangat memudahkan pengguna, terimakasih untuk developer nya yang selalu upgrade perkembangan aplikasi BSI Mobile ini, maju terusss, good job BSI !!!"
Indri Ariyanto,5,2023-08-08 03:16:20,Aplikasi yang sangat membantu fiturnya juga sangat lengkap .good job BSI!
Robi Nurohman,5,2023-08-08 03:01:14,"makin nyaman pakai aplikasi BSI sekarang, setelah update jadi makin baik, god Job BSI!"
Ismi Lillah,5,2023-08-08 03:00:56,"Fitur aplikasi nya sangat banyak dan lengkap, good job BSI semakin lebih baik lagi kedepannya"
Fadilla Mappi,5,2023-08-08 02:58:39,"Alhamdullillah makin nyaman pakai BSI, bismilah semoga bisa nabung lebih banyak di BSI buat umroh, jaya selaluu BSI"
Emi Sgndyn,5,2023-08-08 02:48:42,"KEREN BGT aplikasinya! Alhamdulillah semenjak pakai bsi tranksaksi jadi lancar tidak ada kendala, sukses terus bsi🙏🏻"
Theofany Rikhamelia Sugiadi,5,2023-08-08 02:44:43,"Sangat membantu bangett, terimakasih sudh membuat semua jadi lebih mudah"
ricky yohanes,5,2023-08-08 02:40:38,"Mantap betul BSI mobile, memang yang terbaik selama saya pakai aplikasi ini jadi jauh lebih mudah dan praktis"
Eka Nopianti,5,2023-08-08 02:36:44,Mudah di akses dan gampang Mantap jaya BSI
Ukie 170791,5,2023-08-08 02:32:05,Makin lamcar
Kirana Dhea Faranza,5,2023-08-08 02:28:22,Keren BSI sekarang!! Fiturnya makin lengkap jadi enak dan sangat mudah menggunakannya. Makin seneng soalnya ga ribet lagi. Good job BSI
Orifa,5,2023-08-08 02:17:24,Tiba2 g bisa masuk
Anna Bethari,5,2023-08-08 01:59:43,"Review setelah update versi terbaru, memiliki experience yg jauh lebih baik. Selain itu setiap fitur juga bekerja semestinya, dan juga mobile banking nya enak digunakan. Selain itu setelah maintenance aplikasi jadi lancar tidak crash sama sekali."
Anaa Lillah,5,2023-08-08 01:50:22,"Sudah sejak lama saya menggunakan aplikasi bsi mobile ini, dan saya merasa sangat diuntungkan, saya menjadi mudah melakukan transaksi, bayar sekolah, top up, dll Trimakasi bsi, semoga kedepan nya bisa lebih baik lagi"
Adelia Septika,5,2023-08-08 01:44:32,"Aplikasi bsi ini memuaskan, saya bisa lebih gampang untuk transfer via hp saja mantapp Bsi!!!"
Nurdina Ramadanti,5,2023-08-08 01:18:40,Good Job BSI!! membantu saya dalam mengelola keuangan secara digital dan memudahkan juga
irwan setia putra,5,2023-08-08 01:13:56,Good job aplikasinya bagus sekali
Dani Decoration,5,2023-08-08 00:36:53,Bagus dan bermanfaat
Andriansyah,5,2023-08-08 00:08:11,Makin nyaman pakai aplikasi BSI sekarang. Dengan fitur yang mempermudah kita.
Fikri Abizar,1,2023-08-07 23:49:08,"App tidak bisa dibuka hanya sampai loading logo bsi, setelahnya langsung close sendiri!!!"
Nurheti Sukatmi,5,2023-08-07 23:21:00,Mobile banking nya enak digunakan dengan fitur yang sangat lengkap
Widia Krisdayanti,4,2023-08-07 23:09:51,"Kenapa ya tidak bisa transaksi, selalu dtng informasi""permintaan tidak bisa di proses(100),. Itu kenapa ya?"
Nazma Nissa,5,2023-08-07 22:57:43,Masya Allah aplikasi nya sangat bagus
Jilsi Ghina,5,2023-08-07 19:02:53,Aplikasi ini membantu banget bagi saya pribadi. Selain membuat rekening، tapi kita bisa tahu kapan waktu sholat.
syawal udin,5,2023-08-07 18:11:34,Oke mantap BSI aplikasi terbaik
Peppy Dewi,5,2023-08-07 18:08:30,"Good Job BSI Keren ih setelah diupdate fiturnya makin lengkap. Membantu bgt sudah dilengkapi qris jg. Transaksi apapun jd lebih mudah. Makin nyaman pakai aplikasi BSI. Aplikasinya juga tdk pernah ngecewain, makin lancar untuk transaksi apapun dlm satu aplikasi saja. Mantap BSI. mobile bankingnya enak digunakan👍👍👍"
Mhmd Rafli,5,2023-08-07 17:23:05,Menggunakan bank BSI mempermudah kita untuk menyimpan dan mengambil uang Mantab BSI!!
Ahmad Rijal,1,2023-08-07 17:14:15,"Saya Tf pakai BI fast, saldo terpotong dan berhasil, tapi sdh 2 minggu lebih uang tidak sampai di nomor rekening tujuan.. BSI memang meresahkan, Sampahhhh👎👎👎👎👎👎👎👎"
MARCELLA AMEILIA DAMAYANTI,5,2023-08-07 16:34:59,Pakek bsi sekarang makin lancar terus fitur juga lengkap makasii bsi
Abdul Muin,5,2023-08-07 15:53:33,Semoga sukse
Mas Prass,5,2023-08-07 15:18:30,"BSI sangatt memudahkan kita untuk transaksi pay ment, terdapat banyak fitur contohnya membantu mengingat kita waktu sholatt juga arah kiblat"
Aminatus Sakdiyah,5,2023-08-07 15:03:34,"Alhamdulillah Aplikasinya mudah digunakan,Banyak fitur,dan Mau transfer dan isi apapun jadi lebih mudah."
Anies Rufaida,5,2023-08-07 14:37:41,"Alhamdulillah sekarang aplikasinya udah lancar, sistem juga gercep pas memperbaiki kesalahan dan keluhan pengguna, mantap deh BSI!!"
Gisna Sari,5,2023-08-07 14:27:46,Keren banget BSI! Memudahkan ku untuk transaksi 🤍✨
Hafidlul Hidayat,5,2023-08-07 14:10:47,aplikasinya the best!! sangat membantu dan memudahkan untuk transaksi
Kerel lumbangaol,5,2023-08-07 14:04:21,"Pakai aplikasi ini makin satset-satset buat kirim uang kemana aja, semoga aplikasi ini makin dikenal banyak orang Good job BSI"
Neng Sifa,5,2023-08-07 14:02:14,Selama pake aplikasi BSI mobile jadi lebih gampang dan memudahkan dan juga sangat aman
Nur Kamilah,5,2023-08-07 13:46:27,aku udah download dan emang baguss banget ni apk
Jamal Aryanto,5,2023-08-07 13:45:44,Makin mantap jaya .apl nya .aku jadi smangat .menggunkan bsi.mwkasih BSI
Chindy Kana Tarigan,5,2023-08-07 13:43:50,"Makin mantab sekarang aplikasinya, makin mudah di gunakan ga ribet sama sekali good job BSI"
Putri,5,2023-08-07 13:42:54,"Alhamdulillah pakai BSI Mobile transaksi sangat mudah di pahami dan jauh lebih cepat, terimakasih BSI Mobile, Good job dan sukses selau!!!"
Alfi,5,2023-08-07 13:37:09,"Transaksi lewat bsi mobile sangat mudah, membantu kapan pun dan dimana pun. Lewat bsi mobil jauh lebih cepat dan gampang. Bsi mobile keren!!!!"
EKO JB07,5,2023-08-07 13:29:40,Dengan adanya aplikasi bsi mobile memudahkan saya melihat mutasi uang masuk dan keluar membantu saya sebagai penjual online walaupun beberapa waktu lalu sempat Error tapi sekarang sudah sangat normal..trimakasih BSI MOBILE
Mayya Rahadi,5,2023-08-07 13:27:08,"Bner2 memudahkan transaksi ,, bsi sllu update"
valencia christian,5,2023-08-07 13:18:10,Aplikasi BSI Mobile ini membantu bgttt untuk bertransaksi.
CB Kids,5,2023-08-07 13:06:16,Lebih keren sekarang nih aplikasinya
Robi Ardianto,5,2023-08-07 12:46:43,"Setelah diupdate aplikasinya jadi makin lancar tidak ada kendala, jadi senang deh pakai aplikasinya kalau gini Mantab BSI!!"
Wahyu Pamungkas,5,2023-08-07 12:41:27,Sangat bagus untuk di instal
Roni Susanto,5,2023-08-07 12:40:49,"Good Jobs untuk BSI mobile, setelah di update masuknya makin lancar. Tidak pernah ada kendala lagi. Akhirnya bisa digunakan kembali."
Maria Putri Megah Pertiwi,5,2023-08-07 12:40:31,Semakin mantap dengan BSI mobile bisa mempermudah transaksi dan pengguna
AGATHA INDAH RANI SATITI,5,2023-08-07 12:33:44,"Setelah di-update, BSI menunjukkan peningkatan yang signifikan. Pengalaman pengguna semakin lebih baik, dengan fitur-fitur terbaru yang sangat membantu. Saya senang melihat perkembangan positif ini."
fujie rahayu,5,2023-08-07 12:30:24,Fiturnya sangat lengkap terlebih lagi ada jadwal waktu shalat dan layanan islami. BSI memang lain dari yang lain !! Masya Allah... Sukses terus BSI
Ira Amarta,5,2023-08-07 12:30:24,Good job !!! Aplikasimya sangat mudah dengan berbagai macam fitur bisa transaksi ke semua bank dengan aman mudah . Semua fitur udah lengkap bisa melakukan transaksi apapun hanya dengan satu aplikasi .
Nur Atma Layla Syahfitri,5,2023-08-07 12:27:43,Mantap sekarang bsi makin lancar
Iin Mulyani,5,2023-08-07 12:09:34,Aplikasinya makin kece aja nih 🥰Semakin mudah dalam bertransaksi 🥳 Good job bsi mobile👍🏻
Dixie William,5,2023-08-07 12:05:44,Bank BSI MOBILE MEMANG PILIHAN PALING JOSS DAN MANTAP
Yaumal Ramdan,2,2023-08-07 12:05:11,Bsi setelah update malah jadi ga guna
Aisyah julia sari,5,2023-08-07 12:02:31,"Alhamdulillah saya sudah memakai mobile baking ini, karena bank syariah insyaAllah amanah dan dapet di percaya semua layanan nya oke, fitur nya juga lengkap mempermudah kita juga, setelah updte juga makin kerenn!! Saya suka, GOOD JOB dan mantab banget ni BSI. InsyaAllah ga pernah ngecewain"
Faridz Abdullah,5,2023-08-07 11:52:00,"Memudahkan transaksi apapun, menjadin hidup lebih mudah"
Hartanto Sakura,5,2023-08-07 11:39:59,Semangat terus BSI
Raisya Agni,5,2023-08-07 11:37:29,Good job ...i like this....mudah sekali
Yusril Ibrahim,5,2023-08-07 11:34:45,"Alhamdulillah dg adanya aplikasi bsi mobile lebih memudahkan saya, terimakasih"
20_166_Rahayu Miftakhul Khoiriyah,5,2023-08-07 11:33:09,Mantab BSI!! Selama menggunakan mobile banking BSI semuanya jadi lebih mudah dan lebih praktis. Udah gak habisin waktu dan energi untuk datang ke bank atau Anjungan Tunai Mandiri (ATM) buat ngelakuin transaksi. Kenyamanan semakin terasa karena enggak perlu lagi terjebak antrean saat mau transaksi perbankan.
Angelin Alifia Andini,5,2023-08-07 11:28:09,Good job BSI! Aplikasinya sangatsangat membantu dengan fitur yg sangat lengkap mempermudah transaksi saya loveeeeee it!!!!!
mohamad handoyo,5,2023-08-07 11:23:47,Makin lancar
ropi ifani,5,2023-08-07 11:16:09,Alhamdulilah sangat membantu buat transaksi lewat android
Ramdan Airicoprtrs,5,2023-08-07 11:15:09,Mantab bisa pulih
Meilani Puttr,5,2023-08-07 11:05:59,Mantap BSI!!!
_ Alvina,1,2023-08-07 10:58:17,Mau tarik tunai gak bisa klw ada bintang 0 mau ku kasih bintang 0 aja
Vera Wati,5,2023-08-07 10:52:33,Bagus sekali. Good job BSI
Ono Rafli,5,2023-08-07 10:51:52,"selama menggunakan aplikasi ini, semuanya semakin dimudahkan. Good Job BSI"
Juanah Sy,5,2023-08-07 10:49:27,"Setelah pakai bsi mobile mau apa"" jadi lebih praktis dan mudah karena fiturnya sangat lengkap"
Dion Prayoga,5,2023-08-07 10:45:46,"BSI emang mantap banget, segalanya bisa lebih mudah dengan BSI, good job BSI"
Dhanu Azmi,5,2023-08-07 10:45:05,Good App
Muhammad Ihsan,5,2023-08-07 10:41:31,"good job bsi,sangat berguna buat saya yang kuliah untuk bayar uang pendidikan apa lagi kuliah saya harus bayar menggunakan bsi biasanya saya suruh kakak sya buat transferin maju terus bsi"
Hanna Rayes,5,2023-08-07 10:28:18,Alhamdulilah selama pakai Bsi Mobile memudahkan banget untuk mengirim uang ke sodara dgn lancarr. good job Bsi
Selfi Laela,5,2023-08-07 10:27:46,"Setelah maintenance aplikasinya makin keren, fitur nya juga semakin lengkap, good job BSI!"
21Kadek Anggi Widiandari,5,2023-08-07 10:25:12,"Mantap banget BSI!, udah lama make BSI, transfer apapun jadi lebih gampang, apalagi update an barunya jadi mempermudah nasabah"
Eugenia Sirait,5,2023-08-07 10:24:06,"aplikasinya keren, mudah digunakan jugaa cuyy"
Khomsa Hrs,5,2023-08-07 10:18:22,"Good job BSI! Aplikasi nya sangat mudah di gunakan,banyak fitur yg memudahkan pengguna biar lebih praktis..👍"
Nur Lailatul,5,2023-08-07 10:17:57,"Good Job BSI !!! Aplikasinya mudah digunakan, fiturnya sangat lengkap sekalii, setelah diupdate jadi makin baik, makin lancar, makin keren, seneng deh pakai aplikasinya kalau gini, makin lancar jaya, mantab BSI !!!"
Chyntia Bella,5,2023-08-07 10:16:39,"mantap banget ini aplikasi, memudahkan banget pemakaiannyaa🤍.makim suka karena ada pengingat sholat nyaa.. good dehh!!"
HANA Z,5,2023-08-07 10:15:02,"Alhamdulillah app semakin update dengan banyaknya fitur-fitur di aplikasinya yang sudah dilengkapi, saya juga menjadi lebih nyaman menggunakannya karena mudah dalam melakukan transaksi. Dengan pembaharuan ini harapannya BSI bisa mempertahankan keunggulannya dan kami para pengguna semakin puas dengan penggunaan BSI"
Barlian Dinda M,5,2023-08-07 10:11:34,SENENG deh pakai aplikasi nya kalau gini!! fiturnya sangat lengkap dan mudah digunakan jadi makin keren nih aplikasinya
Ayunda Nuur Imani Sholehah,5,2023-08-07 10:05:32,"Alhamdulillah Aplikasinya bagus,punya fitur yg lengkap, transaksi jd lebih mudah dan cepat, pokok nya best banget"
Ikha Pasaribu,5,2023-08-07 10:01:55,"Setelah sekian lama baru donwload, ternyata BSI Mobile makin keren aja nih. Fiturnya juga lengkap, semakin mudah digunakan. Mantap deh BSI 😊"
Bennedicta Carlene,5,2023-08-07 10:01:55,"selama pakai BSI, semuanya menjadi lebih mudah dalam hal transaksii, goodjob BSI❤️❤️"
Mellda ice,5,2023-08-07 10:00:58,"Good Job BSI! Dengan aplikasi ini saya bisa mengelola uang digital dengan baik, dan aplikasi ini mudah digunakan, terdapat banyak fitur juga!"
Firda Sukmania,5,2023-08-07 09:57:40,"Top bgt BSI transaksi ku jadi lebih mudah, tinggal klik aja selesai deh thank you....."
Said Salman,5,2023-08-07 09:56:33,"seneng deh pakai aplikasi nya kalau gini,sekarang semua layanannya bisa digunakan dengan baik,good job BSI semoga kedepannya lebih baik lagi."
Kookie Jeon,5,2023-08-07 09:54:33,"BSI mobile makin keren, fitur nya juga banyak jadi makin mudah buat digunain"
Faizatun Nur Laila,5,2023-08-07 09:50:08,Selama saya memakai bsi transaksi saya lebih mudah dan gampang buat mahasiswa. Bsi juga amanah. Good jobs bsi
Nenden Yuliawati,5,2023-08-07 09:41:57,"mantab BSI!! dengan aplikasi ini saya ga harus ngantri ngantri lgi di bank, fitur yang sangat lengkap memudahkan saya melakukan transaksi, gahanya transaksi saya juga bisa beli pulsa bayar bayar di aplikasi ini.sukses truss BSII"
DIVA JULIANA,5,2023-08-07 09:37:23,"Wahh apk ini bnyak fiktur fiktur syariah yang beramal dan sngat bermanfaat guyss, mari unduh dan daftar di aplikasi ini karna aplikasi ini berkerja sangat baguss, cepat dan lancar!!!"
Seno Prabowo,5,2023-08-07 09:26:55,Aplikasi BSI Mobile memang Josss...gandosss....sangat membantu saya dalam hal transaksi perbankan.
Wiwin Dwi Lestari,5,2023-08-07 09:18:29,"baru nyobain BSI, sejauh ini bagus dan seneng sama aplikasinya. Semoga makin keren kedepannya supaya pake BSI terus"
Haris Al Faridi,5,2023-08-07 09:03:55,"Sangat nyaman pakai BSI, dengan fitur yg lengkap, tentunya sangat membantu dalam kebutuhan hal lain"
Pos Cdr,1,2023-08-07 09:02:56,"Semoga data sy yg sdh ke rekam tidak di salah gunakan, untuk verifikasi bagian pekerjaan tidak di support dan akhirnya ga lolos verifikasi buka rekening melalui app ini"
Vina Agesti Novianti,5,2023-08-07 09:02:17,"Saya Makin nyaman menggunakan aplikasi BSI mobile sekarang, selain fitur nya yang banyakk, semenjak pake apk ini ga bingung dan ga ribet klo mau TF dan transaksi lainnya"
mars jenny,5,2023-08-07 08:51:24,"Mantap! Bagus banget sih, kalo pake bsi ini mudah banget mau transaksi ga lelet, langsung ke transfer, fiturnya juga lengkap mau tf kemana aja bisa"
Fera Adelta,5,2023-08-07 08:50:34,"Wahh ini sih bagus banget setelah update jadi makin baik seneng deh pakek apk nya kalau gini makin nyaman pakek apk bsi sekarang ga pernah ngecewain, udah fiturnya makin lengkap, makin lancar jaya lagi semua layanan sudah dapat digunakan lagi... good job BSI!!.."
PUTRI REGINA CAHYANI SALSABILA,5,2023-08-07 08:43:33,aplikasinya bagus rekomendasi bangettt
Yusnimar Yusnimar,5,2023-08-07 08:38:26,Aplikasi ini sangat memudahkan dalam transaksi uang. Good job BSI
Kingponsel Vivo,1,2023-08-07 08:37:05,"Nyesel pakai bsi, mending pake yg lain , cs ngawur"
ARYA Aziz Saputra,5,2023-08-07 08:32:45,Makin lancar
Dhiya Salsabila,5,2023-08-07 08:29:55,"Alhamdulillah udah mulai pulih, fitur aplikasinya pun makin mantap 👍, good job BSI!!!"
Nassa Fadilla,5,2023-08-07 08:19:52,"BSI Mobile sangat mempermudah segala proses transaksi!! Membantu saya dalam banyak hal keuangan seperti membayar UKT kuliah, membeli token listrik, mengisi pulsa, dan lain sebagainya. Ngga perlu repot-repot keluar rumah lagi, tinggal buka BSI Mobile semuanya beres. Good Job BSI!!"
Nann,5,2023-08-07 08:12:36,"Secara keseluruhan, saya sangat puas dengan pemulihan dan peningkatan yang telah dilakukan oleh tim aplikasi BSI Mobile. Kini, aktivitas mobile banking saya makin lancar. Terima kasih dan tetap jaga kualitasnya ya!"
Nina Najua,5,2023-08-07 08:12:35,"alhamdulillah sekarang bsi makin lancar,sangat mempermudah urusan saya😃"
Jannatin Nurrohmah,5,2023-08-07 08:12:00,"Mantap sekali, BSI Mobile bisa pulih dan bahkan menjadi lebih baik dari sebelumnya. Semua layanannya sudah dapat digunakan lagi. Dari transfer, pembayaran tagihan dll, semuanya berjalan tanpa hambatan. Ini membuat aktivitas perbankan aku jauh lebih mudah dan efisien."
nasa sunarsa,5,2023-08-07 08:09:58,Mantap mudah pengoperasiannya dan langusng bisa di pakai
Ibnuroghidul Maghfur,5,2023-08-07 07:53:35,Semenjak memakai aplikasi ini saya sangat terbantu good job bsi
Jen Novi,5,2023-08-07 07:47:16,Alhmdulilah berkat BSI semua jadi mudah Trmksh BSI
Maftuhatul Choiroh,5,2023-08-07 07:46:00,"alhamdulillah semakin kesini aplikasinya semakin lancar, fiturnya lengkap, bsi mobile memudahkan orang orang yang mager keluar rumah apalagi buat mahasiswa yang pengen bayar ukt udah ga perlu lagi ngantri lama lama di atm, good deh BSI Mobile!!!"
Fanie Liu,5,2023-08-07 07:34:58,Keren sekali BSi Mobile layanannya semakin terdepan dan cepat
Siti Darojah,5,2023-08-07 07:31:30,Alhamdulillah setelah di update sekarang makin lancar dan mempermudah transaksi saya.
Viki Nihayatus,5,2023-08-07 07:30:00,"mantap BSI, GOOD JOB bnget, makin keren nih aplikasi nyaaa, filturnya sangat lengkap sangat membantu transaksi, makin nyaman pakai aplikasi BSI sekarang dan penarikan nominal pajaknya sangat kecil, seneng deh pakai aplikasi nya kalau begini dan sangat memudahkan bila keterbatasan jarak"
sri ayu ramadini,5,2023-08-07 07:28:55,"Makin nyaman pakai BSI sekarang, udah ga perlu ribet-ribet bolak balik atm dan ada fitur-fitur terbaru yang memudahkan kita, sangat membantu untuk aku yang suka lupa shalat atau nggak tahu arah kiblat, ada kompas dan juga pengingat shalat, thank you BSI makin senang pakai BSI!!!"
Astrid Septiani,5,2023-08-07 07:22:11,Aplikasi nya bagus
Nila Rafika Sari,5,2023-08-07 07:20:43,Sekarang jadi lebih mudah transaksi online pake BSI mobile. Fiturnya lengkap. Mantap
M Hilman Setyawan (Hilman),5,2023-08-07 07:18:32,Makin keren dan makin bagus tampilannya serta mempermudah pengguna baru. Good Job BSI!!
Michaelbram febrian,5,2023-08-07 07:16:58,Semenjak pakai aplikasi BSI sangat mudah digunakan dan gampang buat bertransaksi. Good Job BSI!
heski 2213,5,2023-08-07 07:15:27,alhamdulilah aplikasi ini sangat bagus dan membantu
Ike Setyowati,5,2023-08-07 07:15:23,Mantap
Wanto Saputro,5,2023-08-07 07:15:20,Kenapa gabisa di install???
Naswa Salsabila,5,2023-08-07 07:05:02,Lebih keren nih sekarang aplikasinya banyak fitur yang lebih baik dan pelayanan yg sangat membantu
Yunita Fara,5,2023-08-07 07:04:37,Bsi mantap aplikasi mobile tebest
Aini MeilianaF354,5,2023-08-07 07:03:46,Alhamdulillah udah pulih semua jadi semakin lancar deh 😁👍🏻
Hery Yanti,5,2023-08-07 07:03:04,BSI semakin jaya
Muhammad Al Farichi,5,2023-08-07 06:58:35,"Assalamualaikum, setelah satu tahun menggunakan BSI Mobile, alhamdulilah sangat memudahkan saya dalam bertransaksi, dengan fitur-fitur yang lengkap dan mudah untuk digunakan, good job BSI.. semoga lebih maju.."
Oni Prahapsari,5,2023-08-07 06:51:46,Good job bsi. Makin mantap semua fiturnya. Tranfer jadi lebih mudah. Suskes selalu bsi 👍
juni mirahartati,5,2023-08-07 06:45:34,fiturnya makin lengkap
Raja Ikhsan,3,2023-08-07 06:42:19,Setelah di update . aplikasi ngak bisa terbuka. Mohon pencerahannya
Lana Nur,5,2023-08-07 06:40:05,"Aplikasinya bagus, transaksi lebih mudah dan gk ribet. GOOD JOB BSI!!"
Ana Store,5,2023-08-07 06:29:03,"Good Job BSI, Makin keren aja nih aplikasinya. Tampilannya juga makin kecee abiss! Pokoknya keren polll!!!!"
Hafizh Dhiya_ul Haq,1,2023-08-07 06:16:01,"Apaan si ga bisa di pake , tiap mau bayar sinyal tiba2 ilang , permintaan kehabisan waktu Mulu. Nggak jelas bnget"
lira 1508,5,2023-08-07 06:12:04,Semenjak pakai BSI jadi lebih gampang dalam mengelola uang. Good Job BSI☺
33. Siti Amelia Berlianti 12 MIPA 1,5,2023-08-07 06:11:23,"Bagus sekali!! Cocok banget buat aku, jadi gaperlu ribet bayar UKT. Bisa pakai BSI. Tanpa ribet juga🥺🤍"
nurdin harahap,5,2023-08-07 06:05:32,"Mantap bisa pulih , Alhamdulillah udah pulih semuanya, makin lancar semua transaksi melalui BSI mobile terutama pada saat transfer uang dri mobile BSI jadi mudah, fitur nya sangat lengkap, aplikasi gak pernah ngecewain! , Setelah di update jadi makin baik, good job BSI , mantap BSI!!"
Iyan Putra,5,2023-08-07 06:02:17,aplikasi gak pernah mengecewakan. makin lancar jaya!
sindyr oktaviani,5,2023-08-07 05:50:08,selama pake aplikasi BSI jadi gampang dan memudahkan. kerenn BSI terimakasih.
Stalking Aldi,5,2023-08-07 05:40:43,Fiturnya lengkap
Nabilatul Huda,5,2023-08-07 05:31:14,Makin lancar
Parel Lekat,5,2023-08-07 05:30:28,Alhamdulillah sangat mudah di pengerti
Ignatia Tri Astuti,5,2023-08-07 05:28:29,"Selama pake BSI mobile mudah banget digunakan, tampilannya juga oke"
Catherine Ellsa Yuniarta,5,2023-08-07 05:25:56,"Puji Tuhan semuanya udah pulih,mobile bankingnya mudah di gunakan,cepat dalam transaksi dan fiturnya lebih keren sekarang. Mantap BSI👍!!"
Riwanto X Widi,5,2023-08-07 05:22:55,"Mantap BSI !! Bank terkece ,bank milenial,mudah di gunakan"
fizal sajaa,5,2023-08-07 05:15:54,kerennn
Julpa Wahidah,5,2023-08-07 05:13:51,"Aplikasi ini sangat bagus karena cara menggunakan nya tidak ribet,kerenn☺☺"
Ayu novia Rahmadina,5,2023-08-07 05:12:41,Selama memakai BSI mobile transaksi saya menjadi mudahhh
Zaharatul jannah,5,2023-08-07 05:08:05,"Keren BSI. Aplikasi nya ga pernah ngecewain, selama pakai BSI mobile transaksi lebih praktis dan gampang. Terimakasih BSI Mobile"
aisa ratulaini,5,2023-08-07 05:07:38,Alhamdulillah lancar terus yaa BSI mobile emang paling mantap
Tia Marliyani,5,2023-08-07 05:07:26,Mobile bankingnya makin bagus
Rahmaa Septiani Annisa,5,2023-08-07 05:06:09,"Semakin hari aplikasi BSI makin kerenn banget ih. Alhamdulillah dengan aplikasi BSI ini memudahkan dalam melakukan transaksi, sangat recommended bangettt lah yaa pokoknya!!! Pokonya pakee BSI gak bakal mengecewakan!. Mantap BSI, semoga makin terus lancar makin banyak juga penggunanyaa."
Joko Suratmo,1,2023-08-07 05:04:23,Kok saya setelah ganti hp verifikasi wajah ga bisa dan di ulang ulang ga bisa knp kok makin jelek
Alexandra,5,2023-08-07 04:59:44,Mantap BSI! Keren
Giga Rahma W,5,2023-08-07 04:55:13,Maksih BSI Mobile berkat aplikasi ini jadi lebih gampang transaksi pokok nya debest aplikasi ini mantap
Ridwan Maulana,5,2023-08-07 04:55:01,Alhamdullilah sekarang sudah ada aplikasinya. Good job BSI
Raizizter,1,2023-08-07 04:50:16,"Aplikasi tidak bisa dibuka, setiap dibuka otomatis tertutup sendiri dan muncul kata kata ""BSI Mobile terus terhenti"""
Nana Ninu,5,2023-08-07 04:50:04,"Rekomen banget, bikin transaksi lebih mudah juga"
Muhammad Otong,3,2023-08-07 04:46:36,Susah sekali untuk dapat photo senyum kedik mata
Syifa Nurafifah,2,2023-08-07 04:44:46,Ribet bgt BSI kalo apk nya ke hapus harus aktivasi lagi dan harus ke kantornya. Aktivasi sendiri malah gagal mulu aneh
Muhamad Nasrul,5,2023-08-07 04:44:24,Aplikasi yang sangat bagus
Bella Ananda,5,2023-08-07 04:42:53,Mantap BSI!!! Semakin mempermudah nasabah nya tanpa ribet untuk transaksi 👍👍
mentari supriyadi,5,2023-08-07 04:41:05,"Mantull ,lebih lancar jadinya sukses terus bsi"
Yudis Tira,5,2023-08-07 04:41:01,Alhamdulillah makin lancar dan semua layanannya sudah dapat di gunakan lagi
M Yusuf,5,2023-08-07 04:39:21,"Tidak ada kendala selama ini, terima kasih banyak"
Sylvia Ghasani Putri,5,2023-08-07 04:36:12,"Alhamdulillah. Semua layanan udh dapat di gunakan, makin nyaman pakai aplikasi BSI"
Mas Darno,5,2023-08-07 04:35:48,Mantab
Opii Bpc,1,2023-08-07 04:32:43,Gk bisa masuk aplksi. Keluar sendiri
Fatur,1,2023-08-07 04:28:36,Instal ulang pas verifikasi wajah gagal trus
Yoga adhe Pamungkas,5,2023-08-07 04:24:02,"Bagus aplikasinya BSI ,memudahkan untuk bertransaksi secara online ,dan fitur2 nya juga memudahkan kita GOOD JOB BSI!!👍"
Faizzati Nurussyifa,5,2023-08-07 04:21:26,"Good job BSI! aplikasinya sangat mudah untuk di gunakan fungsinya sangat lengkap setelah maintenance jadi makin baik mobile m-bangking ny juga jadi lebih enak buat di gunain semua layanan sudah dapat digunakan lagi, ditambah ada fitur untuk nentuin arah kiblat dan waktu sholat makin keren nih sekarang aplikasinya mantab BSI!!!"
mai muna,5,2023-08-07 04:16:13,"pas pake aplikasinya bagus, fiturnya lumayan lengkap, ga bikin bingung"
Wawan Apriyanto,5,2023-08-07 04:14:12,"Antarmukanya yang intuitif dan mudah digunakan membuat pengelolaan keuangan menjadi lebih efisien. Fitur pelacakan pengeluaran, pengingat tagihan, dan anggaran membantu saya mengelola keuangan secara lebih teratur. God Job BSI!!"
Juwita Dewi Rahmawati,5,2023-08-07 04:12:47,Aplikasi nya bagus tidak lemot jelas dan ringkas mudah dipahami
raraa,5,2023-08-07 04:06:29,"aplikasi bsi mobile ini sangat membantu sekali, apalagi didukung dengan fitur-fitur yang sangat lengkap yang mempermudah bagi para nasabah"
Rizal Khoiruddin,2,2023-08-07 04:05:46,"Mohon bantuannya saya mau buka rekening. ketika mau menghubungkan dengan KYC online, aplikasi restart terus."
Wewege Ge,5,2023-08-07 04:05:45,Alhamdulillah sudah pulih
Afifatul Jannah,5,2023-08-07 04:04:16,"Fiturnya sangat lengkap, mudah digunakan, pengoperasiannya cepat, aplikasinya makin keren nih!! Terima kasih BSI!!!"
Ajik Mhank,2,2023-08-07 04:02:23,"Tidak bisa buka rekening, katanya tidak ada koneksi internet, padahal kuota internet saya masih ada. Payah."
M Syaripudin,1,2023-08-07 04:02:12,"Bintang 1 aja dulu karena proses verifikasinya lama banget sampe berhari-hari, kalo tidak ter verifikasi juga mau Uninstal aja 🙏"
War Gono,5,2023-08-07 04:02:06,Mantap berguna sekali aplikasinya dan bagus
Novelia Fitri,5,2023-08-07 03:59:46,"Mantap BSI MOBILE !!! Bagus banget aplikasi nya, sangat membantu dan memiliki fitur yang lengkapp"
Tatang Nurjaman,1,2023-08-07 03:54:30,"Aplikasinya bagus . Cuman pegawai nya kalo pas awal mau ambil kredit sangat respon sekali , tapi giliran mau pelunasan sangat tidak respon , mau ambil dana yg diblokir jugaa gak respon respon. Padahal lumbayan . Kedit buat 3 tahun tapi 8 bulan sudah saya lunasi , giliran mau ambil dana yg diblokir susah banget"
Iki Lenang,5,2023-08-07 03:53:13,"BSI mobile emang kerennnn👍, selalu aman saat transaksi, mudah diakses juga❤️"
Eliska,5,2023-08-07 03:51:34,Good job BSI! Aplikasi yang bermanfaat untuk mempermudah proses transaksi.
Zahra Fadilah,5,2023-08-07 03:51:09,"GOOD JOB BSI! sangat memudahkan dalam mengakses informasi keuangan seperti saldo rekening dan mutasi transaksi, serta fitur-fitur tambahan seperti tagihan dan transfer antarbank. Akupun sangat menyukai tampilan antarmuka yang user-friendly."
erina safitri,5,2023-08-07 03:40:24,Aplikasinya ga pernah ngecewain. Makin nyaman pakai aplikasi BSI sekarang mudah dan menghemat waktu. Fiturnya sangat lengkap dan mobile banking nya mudah digunakan. Good Job BSI
Sheira Chika aviscasari,5,2023-08-07 03:32:20,"jauh lebih baik, dari pada sebelum nya. tingkatkan terus"
guntur lubis123#,5,2023-08-07 03:25:51,Bsi mobile bagus bngt bisa membantu kebutuhan saya
Akmal Fauzan,5,2023-08-07 03:23:10,"BSI Mobile keren banget, ga ngecewain aplikasinya. Makin lancar jaya BSI mobile."
amanda rizkah,5,2023-08-07 03:12:21,"pelayanannya keren banget, sangat mudah untuk melakukan transaksi. sukses selaluu BSI"
nanang supriatna,5,2023-08-07 03:03:52,BSI emng goodJob lah..ga ribet2 bngt..tinggal klik sja..sgala nya ada d BSI mobile..ga perlu ngantri2an..Ok
Nasywa Fitria,5,2023-08-07 03:03:48,Good job BSI!
Nurhaliza _,5,2023-08-07 03:00:34,"Alhamdulilah sudah pulih semua sistem nya kembali seperti biasa, sangat memudah kan sekali dalam transaksi saya sehari hari terima kasih, Good Job BSI!!!"
Miranda P Ningrum,5,2023-08-07 02:56:35,"Selama di Aceh make ini, mau ngapain aja jadi gampang 👌"
Dini Ayu,5,2023-08-07 02:40:17,"Selama pakai aplikasi bsi mobile jadi dipermudahkan dan digampangkan dalam transaksi, terimakasih god job bsi"
MUHAMMAD ATIN SUPRIYATIN,5,2023-08-07 02:14:12,Good job
Gede Budi Muliantika,5,2023-08-07 01:40:36,God job BSI. aplikasi yang sangat membentu untuk mengatur keuangan kita
Malihah Zahroh,5,2023-08-07 01:09:23,Sangat memudahkan
Amanooo “03”,5,2023-08-06 18:32:12,"Alhamdulillah akhirnya semuanya sudah pulih kembali, dengan ini dapat mempermudah melakukan transaksi bahkan dapat membuat tabungan dengan melalui aplikasi. GOOD JOB BSI 👍👍👍"
Indah Resti Fauzi,5,2023-08-06 15:40:24,"BSI makin keren dan ga pernah ngecewain, apalagi sekarang setelah uplikasinya update. Semua layanan berjalan lancar, maintanance nya makin baik dan fiturnya juga lengkap. Seneng deh kalo gini, mantap BSI!!"
Halimatus Sa'diyah,5,2023-08-06 15:26:59,Alhamdulillah aplikasi semakin lancar. Semakin mudah untuk di gunakan. Terimakasih BSI👍🏻
Autensia Juliana,5,2023-08-06 15:21:42,alhamdulilah semenjak update sealing berkembang thank-you bsi
Agung Aditya Ali,5,2023-08-06 14:24:23,Semoga tidak terjadi lagi masalah terhadap BSI👍
Rosalina tya,5,2023-08-06 13:32:05,Wah mantab bisa pulih aplikasinya! Makin keren nih aplikasinya untukku yang kaum gamau repot bener² dibantu bgt sama fiturnya sangat lengkap mau bayar² bisa langsung lewat BSI mobile aja. Seneng deh pake aplikasinya kalo gini. Good job BSI!
Rivanny Arfilla,5,2023-08-06 12:16:21,Semenjak pake BSI mobile ini jd lebih gampang dan ga ribet 👍🏻
Wulan suci ramandani,5,2023-08-06 11:52:59,"Baru mencoba untuk investasi di sini, semoga amanah ya kak, mobile bangkingnya enak digunakan."
rena juliana,5,2023-08-06 11:11:57,Mobile banking bsi sangat membantu dalam bertransaksi dan juga sekarang makin mudah digunakan
Monica Axvenia Yola Widyanti,5,2023-08-06 11:09:27,"aplikasinya sangat mudah dipahami dipelajari dan di gunakan, selain itu mempermudah user untuk melakukan transaksi dimana pun dan kapan pun dengan aman tanpa kendala yang tidak diinginkan, filtur nya lengkap banget jadi makin seneng makai dehh"
nia selvia,5,2023-08-06 10:33:42,"Makin nyaman pakai aplikasi BSI sekarang aplikasinya ngak pernah mengecewakan, seneng deh pakai aplikasi ini, mantap BSI!!!"
Dika Ama,5,2023-08-06 10:11:23,Sekarang makin lancar transakai pakai BSI mobile. Good job BSI
Muslimatul Amelia zuhdi,5,2023-08-06 10:09:14,"Aplikasi BSI Mobile memang terbaik, karna terbukti penggunaan nya saja sangat memudahkan"
Shaaren Putri,5,2023-08-06 10:04:17,"selama pakai aplikasi bsi mobile transaksi aman dan sangat memudahkan, Terimakasih BSI ,,🙏"
Muhamad Ramzy,5,2023-08-06 09:27:14,"aplikasi nya bagus, aman dan nyaman, Good Job BSI!"
Rengga Sanditya,5,2023-08-06 09:05:03,Good
Ilin Wae,5,2023-08-06 08:37:14,Aplikasinya sangat mudah dipahami👍 Good job BSI!
Foto Foto,5,2023-08-06 08:21:10,"Sangat memudahkan penggunanya dalam bertransaksi dimanapun dan kapanpun, dengan berbagai macam fitur yang sangat mudah dipahami"
Nur Aisyah,5,2023-08-06 08:07:22,"dengan menggunakan aplikasi ini semuanya jadi mudah dan lancar, fiturnya juga sangat lengkap jadi mudah digunakan, mantapppp BSI!!!"
Suartidwi 15,5,2023-08-06 08:03:53,"Selama pake aplikasi ini semua jadi lebih mudah, BSI mobile jaya jaya jaya"
Susan Wen,5,2023-08-06 07:38:21,Membantu mempermudah transaksi. Nice BSI! 👍
Suci Lestari,5,2023-08-06 07:24:12,"Baru download aplikasi bsi mobile, aplikasi yang mudah digunakan dan praktis bisa buwat transaksi dimana aja dan kpan pun.. God job bsi, sangat bagus!!"
Pangeran Kit,5,2023-08-06 06:18:40,Good job bsi lovo you😘
siti urifa,5,2023-08-06 06:12:34,"Aplikasi yg sangat membantu, mudah dan sangat recommended untuk kami para pengguna atm bsi. Semoga semakin banyak fitur lain lagi dan semoga terus berkembang"
Istiqomah 4068,5,2023-08-06 05:19:38,"Alhamdulillah aplikasi nya bisa digunain, BSI semakin keren, dapet rekomendasi aplikasi BSI pas kajian, berkah banget, dapat ilmu + dapat tabungan yang syariah"
Yoga Dinata,5,2023-08-06 05:12:32,"Aplikasinya bener bner bagus sih harus di coba ini mah,mantab BSI"
Duroun Harahap,5,2023-08-06 04:37:03,bsi mobile amanah dan terpecaya
Ayatulloh Aziz Wicaksono,5,2023-08-06 04:26:18,Good Job BSI ! saya sangat terkesan dengan aplikasi BSI Mobile yang semakin mantab. fiturnya sangat lengkap dan membuat penggunaan mobile banking semakin lancar. saya senang melihat bagaimana BSI bisa pulih dan semakin keren sekarang. penggunaan aplikasi yang semakin nyaman membuat pengalaman saya semakin menyenangkan. Mantab BSI !!
Octavia Rachmawati,5,2023-08-06 04:20:36,menggunakan apk bsi mobile jadi lebih mudah
Mochamad Yusuf,1,2023-08-06 04:00:22,"Setalah update, aplikasi tidak bisa jalan. Selalu force close"
akmal udin,5,2023-08-06 03:55:06,Mobile banking membuat kita mudah bertransaksi tanpa harus pergi ke atm dan tidak usah ribet memai kartu
Aryan Brilianto,5,2023-08-06 03:28:15,Mantap semoga amanah
nazeem 25,5,2023-08-06 03:09:47,"Mantap BSI kalo mau transfer langsung satset ga pake lama, keren deh"
bunga syaqura,5,2023-08-06 03:08:28,"Mantab BSI!!!! Keren banget model aplikasinya! Top. Seneng deh pakai aplikasinya kalau gini, fiturnya lengkap, mobile bankingnya enak digunakan. Fiturnya juga lengkap, lebih keren. Good job BSI!!!"
NUR RIZKY,5,2023-08-06 03:00:20,"Makin nyaman guna aplikasi BSI, udah lagi fiturnya lengkap dan gak ribet. Mbanking yang selalu jadi utama kalo mau transaksi dimanapun dan kapan aja jadi gak haruss ngantri lagi setiap mau transaksi atau melakukan pembayaran. aplikasi nya juga cocok buat tabungan pelajaran seperti saya, terimakasih BSI mobile."
Dwi Mirnawanti,5,2023-08-06 02:49:34,Memudahkan dalam bertransaksi tanpa harus ke bank nya langsung👍
Putra Zulfikar,1,2023-08-06 02:20:43,"Belakangan sering susah untuk masuk app nya keluar sendiri, pada saat urgent malah gabisa gimana ni bsi."
Romeo Julieto,5,2023-08-06 02:14:34,Makin Lancar 👍
Tedja Arum,5,2023-08-06 01:21:35,Mantap
aurora violleta,5,2023-08-06 00:37:40,"aplikasinya makin keren jadi makin mudah dan nyaman digunakan, fiturnya juga lengkap. Luv BSI.!"
Tarisa Agustina,5,2023-08-06 00:30:23,Selama menggunakan aplikasi ini bertransaksi jadi lebih gampang
Samsul Bahri,5,2023-08-06 00:14:11,Sangat memudahkan aktivitas
Marissa Amini,5,2023-08-06 00:03:04,Kali ini BSI tambah keren bener-bener makin lancar dengan berbagai fitur yang lengkap makin seneng dan nyaman pakai aplikasi BSI sekarang
Sitiulfatun Munawaroh,5,2023-08-05 23:29:04,"Good job BSI, setelah saya pakai BSI saya bisa melakukan transaksi dimana saja dan bisa kapan aja"
Yoga aji Pratama,5,2023-08-05 22:19:24,Semenjak ada aplikasi bsi mobile jadi gampang dan mudah.maju terus bsi
Arimbi,5,2023-08-05 21:17:41,Wow menarik banget. Makin keren nih aplikasinya
Putriyulianst 15,5,2023-08-05 19:05:54,Senang menabung di BSI!!
KHALIFATUR ANDRIAN,5,2023-08-05 19:01:21,Good job BSI makin mempermudah transaksi via online mantapp
Rands Sukma,5,2023-08-05 17:32:19,Ok
Aziz Alwi Damanik,5,2023-08-05 16:21:29,Hanya Pakai BSI Mobile lah aplikasinya ga pernah ngecewain
Nayla Nursoraya,5,2023-08-05 15:55:23,Sejak pake bsi mobile jadi memudahkan saya melakukan transaksi
Sherly,5,2023-08-05 15:30:23,"Sebagai nasabah, saya senang dengan pelayanan BSI. Mobile Banking nya komplit, fiturnya terbilang lengkap. Matmntab BSI!!"
Abdul Hakim,5,2023-08-05 15:22:30,Aplikasi nya bagus dan Mudah untuk di pahami
Nurmiati Mia,1,2023-08-05 14:41:45,Setelah di update app BSI mobile tidak dapat di buka....tiap kali di tekan app nya secara otomatis keluar sendiri
Sy Wijaya,5,2023-08-05 14:29:00,Lebih keren nih sekarang aplikasinya
Nida Hasna Hasanah,5,2023-08-05 14:24:22,"Makin keren nih aplikasinya, udah gitu sekarang fiturnya juga sangat lengkap."
Anre Agasi,5,2023-08-05 14:12:36,Aplikasinya bangus bangett fitur-fitur nya juga sangat lengkap & mudah dipahami. Mantab BSI!!
Rini Wulandari,5,2023-08-05 13:50:36,Setelah diupdate fitur dalam applikasinya sangat lengkap sangat mempermudah pengguna dan menurut aku tambah bagus tampilannya
Irma Riyanti,5,2023-08-05 13:49:50,Aplikasi sangat mudah digunakan
Rifan Andriana,5,2023-08-05 13:49:47,"Mantapp apk BSI membati banget mempermudah transaksi, good job BSI!"
Feby Ixora Polintang,5,2023-08-05 13:11:59,mantap...lengkap..mudah dan byk fitur religi...
Fa Dlilah,5,2023-08-05 13:11:27,"Alhamdulillah akhirnya bisa pulih jugaa, semoga kedepannya tetap aman, Mantap BSI"
Chandra Irawan,5,2023-08-05 13:11:11,Makin lancar
Davina,5,2023-08-05 13:01:30,"Good job BSI, fitur aplikasi mobile bankingnya semakin lengkap"
Kristina nono,5,2023-08-05 13:00:46,"aplikasinya sangat mudah dipahami, dipelajari dan di gunakan, selain itu mempermudah user untuk melakukan transaksi dimana pun dan kapan pun dengan aman tanpa kendala yang tidak diinginkan, filtur nya lengkap banget jadi makin seneng makai dehh, ada pengingat sholatnya juga lohhh. Kerennn Bangett BS!!!"
Iid Fitriaturosidah,5,2023-08-05 13:00:03,"Wah, BSI semakin bagus kualitasnya, layanannya dapat digunakan lagi, fitur2nya lengkap, kerenn 👍👍"
Mazhali Aulia,5,2023-08-05 12:56:21,"Mantap banget BSI!! alhamdulillah udah pulih, semua layanannya sudah dapat digunakan lagi, makin lancar, good job BSI aplikasinya ga pernah ngecewain! Lebih keren skrg fiturnya sangat lengkap. Keren BSI💕💕"
Meli Cahyanuari,5,2023-08-05 12:28:38,"Sangat mempermudah saat akan melakukan transaksi bisa dimana saja dan kapan saja, jadi seneng pakai aplikasinya kalo gini. Good job BSI!"
Faliha Hamidah,5,2023-08-05 11:57:50,Bagusss banget aplikasi berguna buak aku
Ade Suryani,5,2023-08-05 11:53:54,"Udah pake 1 tahun lebih seneng banget pake aplikasi ini fiturnya juga lengkap tampilannya ga ribet karna mbankingnya enak digunain, sempet error dan alhamdulillah udah membaik mantap bsi jadi makin nyaman pake aplikasinya. Semoga selalu amanah, makin lancar jaya bsi, good job pokoknya😊"
Salman Alfarisi,5,2023-08-05 11:53:03,"makin keren nih aplikasinya bagi saya yang kesulitan untuk menyimpan uang dirumah dengan aplikasi ini saya sudah tidak lagi kerepotan untuk menyimpan uang dan mengirim uang walaupun keterbatasan waktu dan tempat, sekarang saya sudah tidak khawatir akan kendala tersebut, terimakasih BSI mobile 👍🏻👍🏻"
kaguya luna,1,2023-08-05 11:52:11,apk rusak ! gak berkerja di android 10
its meida,5,2023-08-05 11:11:26,Makin lancar bertransaksi menggunakan BSI Mobile sukses terus
Nailu Ainil Bashiroh,5,2023-08-05 10:47:47,"duhhh.. fiturnya lengkap banget nih bsi, Sekarang jadi gaperlu ribet² datang ke kantor kota kalo bayar uang semester, nih udah bisa lewat hp.. keren bangett"
Selma Puteri,5,2023-08-05 10:29:15,"Aplikasinya sangat bagus dan membantu dengan fitur yang memudahkan bagi para penggunanya, good job BSI mobile!!"
Nurnasni Hanum,1,2023-08-05 10:24:39,Setelah pembaruan terakhir aplikasi tidak bisa diakses
nila sary,5,2023-08-05 10:01:35,"aplikasinya sangat mudah di pahami, dan mempermudah transaksi🥰🥰🥰"
Tiara Dollia,5,2023-08-05 09:32:38,"Mantap banget nih BSI. Aplikasinya keren, fiturnya banyak, mudah juga pemakaiannya"
Dio Prayoga,5,2023-08-05 09:21:31,"Alhamdulillah semua layanan nya sudah bisa di gunakan lagi, makasih banyak akhir nya saya bisa transaksi lagi seperti semula"
Lasmi Nurratulain,5,2023-08-05 09:18:42,Alhamdulillahnya udh pulih semya dan Mobile bangkingnya pun sudah enak digunakan setelah maintenance jadi lebih baik dan semoga makin lancar🤗
Muharriza asri Nasution,5,2023-08-05 09:05:47,"Mantap BSI!!!! Lebih gampang di gunakan,akses bisa kapan saja,dan sangat cepat untuk transaksi nya!!!"
Frank AcH,4,2023-08-05 08:54:39,"Tolong kenapa ini apknya GK bisa di buka ""Permintaan kehabisan waktu """
Mohammad Rizal,5,2023-08-05 08:46:06,Bagus
Bakrie dent,3,2023-08-05 07:48:35,Setelah di update knapa gak bisa dibuka
Suleman Rerung,5,2023-08-05 07:32:39,Good job BSI! Aplikasinya keren banget
Nida Hamidatul Rohmah,5,2023-08-05 07:16:47,"mobile bankingnya enak digunakan, semua layanannya lancar, yang pasti aman juga sangat mempermudah dalam bertransaksi, mantab BSI!!"
Zynx,1,2023-08-05 07:13:20,Teruntuk developer Setelah update bsi jadi tidak bisa jalan saat melakukan verifikasi wajah tolong di perbaiki secepatnya untuk developer karena saya mau ambil uang di rekening saya
Tasya08,5,2023-08-05 06:36:48,Suka bangettt membantu banget aplikasihh ini buat aku sejauh aku pakek sihh ga ada msalah seneng deh biar bintang yng memberitahu mantap deh makin keren aja aplikasi ini good job BSI
ADE IRWANDA,5,2023-08-05 06:09:36,Good
Ardi Fa,5,2023-08-05 06:05:56,BSI yang lebih mudah untuk melakukan transaksi
Febyana Rahmat,5,2023-08-05 04:20:25,"Setelah di update aplikasi nya jadi makin baik, mudah digunakan dan fitur applikasinya sangat lengkap. Mempermudah saya dalam bertransaksi membayar keperluan rumah tangga dan biaya sekolah anak-anak ."
Dimas Wahyu,5,2023-08-05 04:15:52,"Mudah di gunakan, aplikasi yg sangat membantu,selama pakai BSI mobile semuanya di permudah"
Meylina Puspita,5,2023-08-05 02:41:33,Fiturnya sangat lengkap sehingga memudahkan pengguna untuk mengakses aplikasi ini. petunjuk yang ada juga sangat membantu untuk pemula. Good job BSI
silfiana dwi,5,2023-08-05 00:40:42,mantab BSI 👍 semoga semakin lancar
Annisa Tri Anggita Cahyani,5,2023-08-04 23:09:10,Pake apk ini mudah di pahami banget dan gampang digunakan
agus dwianto,5,2023-08-04 22:50:07,Baik
Joni Sambowo,1,2023-08-04 22:12:48,Saya udah 2 kali transaksi untuk beli data...bener di potong q 2 kali tetapi kenapa datanya belum masuk...saya udah rugi buang buang uang
Nur Hidayah Agustiningsih,5,2023-08-04 21:55:11,"bsi keren, fitur lengkap dan mudah dipahami"
Aulia Mahira,5,2023-08-04 20:01:16,"Nyaman banget pake mbanking BSI, makin di upgrade fiturnya makin lengkap dan lancar! Transaksi jadi lebih cepet deh tanpa kendala."
Rizky chavenesi,5,2023-08-04 19:42:18,untuk transaksi lebih mudah dan cepattt!
Adrio Fernanda,5,2023-08-04 18:23:10,"Fiturnya sangat lengkap, pokoknya juara deh , tingkatkan selalu"
Immanuel Pedro Hutagalung,5,2023-08-04 18:03:21,"Bank BSI sudah tidak diragukan lagi, Good job BSI! nyaman transaksi, semakin terdepan."
Alexsander Yudha,5,2023-08-04 17:41:49,"sangat recomended aplikasi kekinian yang bisa mempermudah masyarakat dan tidak kalah update dengan yang lain, Good job BSI!!"
Marx Haki,1,2023-08-04 16:41:58,"Habis update, Aplikasi Force close teross. Sdh clear cache, tetap ga bisa buka. Aplikasi sampah. CS nya juga sampah. Bot nya juga sampah. BUMN useless"
